Mutation,diff_rep_0,diff_rep_1,diff_rep_2,diff_rep_3,diff_rep_4,diff_rep_5,diff_rep_6,diff_rep_7,diff_rep_8,diff_rep_9,diff_rep_10,diff_rep_11,diff_rep_12,diff_rep_13,diff_rep_14,diff_rep_15,diff_rep_16,diff_rep_17,diff_rep_18,diff_rep_19,diff_rep_20,diff_rep_21,diff_rep_22,diff_rep_23,diff_rep_24,diff_rep_25,diff_rep_26,diff_rep_27,diff_rep_28,diff_rep_29,diff_rep_30,diff_rep_31,diff_rep_32,diff_rep_33,diff_rep_34,diff_rep_35,diff_rep_36,diff_rep_37,diff_rep_38,diff_rep_39,diff_rep_40,diff_rep_41,diff_rep_42,diff_rep_43,diff_rep_44,diff_rep_45,diff_rep_46,diff_rep_47,diff_rep_48,diff_rep_49,diff_rep_50,diff_rep_51,diff_rep_52,diff_rep_53,diff_rep_54,diff_rep_55,diff_rep_56,diff_rep_57,diff_rep_58,diff_rep_59,diff_rep_60,diff_rep_61,diff_rep_62,diff_rep_63
GKR3BB@A@A158W,-0.07767668,0.0,0.0060175583,-0.042313114,0.0,0.085098594,0.0,0.06219846,0.0,0.0,0.0,0.0,0.012426272,0.05105728,0.0,-0.0738458,0.0,0.0,-0.006884247,0.0,0.0,0.0,0.047008142,0.0,0.023059398,0.0,0.0,0.02861017,0.0,0.0,-0.07032044,0.0051388144,0.039553344,0.0,-0.03824213,0.15944853,-0.019726545,0.0,0.0,0.0,0.0,-0.013771892,0.0,0.032556072,0.0,0.09535109,0.0,0.0,0.0,0.09007928,-0.046266347,-0.014833212,0.041980296,-0.028029121,0.0,-0.020081416,-0.02466768,-0.0064607114,0.0,0.10297406,0.1400678,0.0,-0.009169072,0.07424417
GKR3BB@A@D107K,-0.0097409785,0.0,-0.0033816174,-0.07475813,0.0067812353,0.099390924,0.0,0.073423326,0.0,0.0,0.0,0.0,0.0,0.07536888,0.0,-0.0775627,0.0,0.0,-0.024674892,0.0,0.0,0.0,0.030025095,0.0,0.00081786513,0.0,0.0,0.00806731,0.0,0.0,-0.06454928,0.003313005,0.06294897,0.0,-0.04355087,0.1605145,-0.053074166,0.0,0.0,0.0,0.0,-0.02735579,0.0,0.0042758435,0.0,0.03055884,0.0,0.0,0.0,0.08614637,0.0039518476,-0.07496101,0.05782765,-0.032178976,0.0,0.035054684,-0.02466768,-0.015589222,0.0,0.11141962,0.14154334,0.0,-0.03782621,0.073049754
GKR3BB@A@D107L,-0.0032847226,0.0,0.002342157,-0.0544931,0.0,0.04809928,0.0,0.018055156,0.0,0.0,0.0,0.0,0.0,0.07939291,0.0,-0.02665414,0.01894766,0.0,-0.012644529,0.0,0.0,0.0,0.0036134422,0.0,0.019231066,0.0,0.0,-0.02728504,0.0,0.0,-0.015115902,-0.0040089786,-0.032547206,0.0,-0.0018758252,0.07267144,-0.03567782,0.0,0.0,0.0,0.0,-0.024729848,0.0,-0.006382361,0.0,-0.025985345,0.0,0.0,0.0,0.019119695,0.005850196,-0.06815463,0.027760401,-0.015571915,0.0,0.042072386,-0.02466768,-0.0065440536,0.0,0.05599487,0.025595635,0.0,-0.010555148,0.0126158595
GKR3BB@A@D107R,-0.016426414,0.0,-0.0031199753,-0.06544253,0.0073997676,0.08992541,0.0,0.071361974,0.0,0.0,0.0,0.0,0.0,0.053316772,0.0,-0.081320144,0.0,0.0,-0.0040471256,0.0,0.0,0.0,0.028059423,0.0,-0.0022601485,0.0,0.0,0.027749717,0.0,0.0,-0.069019616,0.019842684,0.09190622,0.0,-0.044496194,0.14885071,-0.04823658,0.0,0.0,0.0,0.0,-0.009511113,0.0,0.004582688,0.0,0.048988387,0.0,0.0,0.0,0.08870126,-0.00020930171,-0.07496101,0.06930423,-0.0327942,0.0,0.020736247,-0.02466768,-0.013910353,0.0,0.097849965,0.1469727,0.0,-0.012223244,0.07559648
GKR3BB@A@D134S,0.0011967719,0.0,0.0012394711,-0.003933862,0.0,0.029335797,0.0,0.020979673,0.0,0.0,0.0,0.0,0.0,0.0,0.0,0.008205235,0.0,0.0,-0.012543231,0.0,0.0,0.0,0.028823078,0.0,0.008994088,0.0,0.0,-0.005854845,0.0,0.0,0.005935356,-0.0268659,-0.0075769424,0.0,-0.0031006783,0.052787393,0.00012491643,0.0,0.0,0.0,0.0,-0.024042726,0.0,0.014110282,0.0,0.015016854,0.0,0.0,0.0,0.012170047,0.0023079813,0.023847967,0.00040847063,0.010077052,0.0029588044,-0.0031669438,-0.02466768,-0.0031376928,0.0,0.04059887,0.015143365,0.0,-0.012627184,0.0022568107
GKR3BB@A@D178R,-0.03475587,0.0,0.0176481,0.018822774,0.0,-0.036196753,0.0,-0.009344876,0.0,0.0,0.0,0.0,0.00614582,0.0,0.0,0.047989503,0.0,0.0,-0.0015682578,0.0,0.0,0.0,-0.004124731,0.0,0.027883478,0.0,0.0,-0.015847385,0.0,0.0,0.041753486,-0.003530115,-0.07347986,0.0,0.0461412,-0.033311814,0.023086444,0.0,0.0,0.0,0.0,0.009575307,0.0,0.016284704,0.0,0.003352061,0.0,0.0,0.0,-0.059736162,-0.016244128,0.029126868,-0.051002696,0.015574619,0.0,-0.008245021,0.05531442,0.021390468,0.0,-0.020522118,-0.08865691,0.0,0.018416852,-0.068576634
GKR3BB@A@D179R,-0.010863274,0.0,0.01727514,0.02256319,0.0,-0.046368033,0.0,-0.009344876,0.0,0.0,0.0,0.0,0.0,0.0,0.0,0.06818849,0.014303088,0.0,-0.014563113,0.0,0.0,0.0,-0.029761285,0.0,0.0031171143,0.0,0.0,-0.04797083,0.0,0.0,0.06563771,-0.023759812,-0.10720399,0.0,0.05694411,-0.08507608,0.022267342,0.0,0.0,0.0,0.0,-0.006192386,0.0,0.014082983,0.0,-0.029577002,0.0,0.0,0.0,-0.08485454,0.0065309405,0.05193776,-0.07154453,0.0219151,0.0,0.013243079,0.06799513,0.028445303,0.0,-0.05146444,-0.11807422,0.0,0.001308307,-0.0947991
GKR3BB@A@D65L,-0.024561241,0.0,0.01562722,0.015458524,0.0,-0.020333797,0.0,-0.009344876,0.0,0.0,0.0,0.0,0.0,0.0,0.0,0.07073374,0.008633614,0.0,-0.0039955378,0.0,0.0,0.0,-0.013557851,0.0,-0.006568074,0.0,0.0,-0.03319508,0.0,0.0,0.07833177,-0.027371407,-0.08333334,0.0,0.06301037,-0.04356441,0.023935795,0.0,0.0,0.0,0.0,-0.0015775561,0.0,-0.009375736,0.0,-0.029577002,0.0,0.0,0.0,-0.08740381,-0.0022962093,0.04345657,-0.061299294,0.023643553,0.0,0.00036618114,0.039992034,0.029142201,0.0,-0.026845932,-0.13602799,0.0,0.015772969,-0.09482503
GKR3BB@A@D65R,0.004527718,0.0,0.009899132,0.009821564,0.0,-0.059671327,0.0,-0.009344876,0.0,0.0,0.0,0.0,0.0,0.0,0.0,0.055741265,0.009177387,0.0,-0.0024639964,0.0,0.0,0.0,-0.030446053,0.0,0.009827755,0.0,0.0,0.0013424158,0.0,0.0,0.06284943,-0.010705262,-0.034481555,0.0,0.045272537,-0.083117664,0.030176595,0.0,0.0,0.0,0.0,0.006357372,0.0,0.0048284084,0.0,-0.029577002,0.0,0.0,0.0,-0.062308565,-0.0027245283,0.053609207,-0.050344467,0.021984093,0.0,-0.0023994148,0.042548954,0.025201425,0.0007326603,-0.06437874,-0.10309294,0.0,-0.011178747,-0.057921976
GKR3BB@A@D75R,-0.0018435419,0.0,0.0023614615,-0.012424856,0.0,0.014343858,0.0,0.008075669,0.0,0.0,0.0,0.0,0.0,0.0,0.0,-0.0053017735,0.014900684,0.0,-0.015179604,0.0,0.0,0.0,0.0018255115,0.0,-0.029386435,0.0,0.0,0.010627627,0.0,0.0,0.010836601,-0.010923684,-0.024849266,0.0,-0.0012724027,-0.0043177903,0.0017367303,0.0,0.0,0.0,0.0,-0.012316108,0.0,-0.015028983,0.0,-0.029577002,0.0,0.0,0.0,0.0077341795,0.015701473,0.017504245,-0.0070005506,0.0027099475,0.0,0.028017372,0.02378273,0.00776805,0.0,-0.018392563,0.002625659,0.0,-0.00087444484,0.0025449395
GKR3BB@A@E122L,-0.0895372,0.0,0.009787872,0.071848154,0.0,-0.13566962,0.0,-0.009344876,0.0,0.0,0.0,0.0,0.0,0.0,0.0,0.07661246,0.0,0.0,0.033367068,0.01685369,0.0,0.0,-0.015609354,0.0,-0.027850777,0.0,0.0,0.08517462,0.0,0.0,0.081792116,0.016146928,-0.06667927,0.0,0.07223367,-0.18868297,0.061043486,0.0,0.0,0.0,0.0,0.06600171,0.0,0.012319028,0.0,-0.029577002,0.0,0.0,0.0,-0.09276219,7.7188015e-05,0.08907239,-0.098284334,0.034812048,0.0032149851,-0.01515539,0.19184297,0.024707839,0.03079927,-0.1497873,-0.14278498,0.0,0.04178664,-0.072452396
GKR3BB@A@E122R,-0.009413093,0.0,-0.012070984,0.024050504,0.0,-0.06462367,0.0,-0.009344876,0.0,0.0,0.0,0.0,0.0,0.0,0.0,0.017087907,0.0,0.0,-0.006533146,0.0,0.0,0.0,-0.0042330623,0.0,-0.013119392,0.0,0.0,0.054324895,0.0,0.0,0.03143847,-0.013676226,-0.003658861,0.0,-0.002573073,-0.092051834,0.024825528,0.0,0.0,0.0,0.0,0.00841701,0.0,-0.018660873,0.0,-0.0007567853,0.0,0.0,0.0,-0.02734384,0.002335161,0.036623597,-0.04921782,0.01804597,0.0,-0.008586496,0.06395048,-0.01582709,0.049333453,-0.08456221,-0.058900237,0.0,-0.031561315,-0.0011346042
GKR3BB@A@E137L,-0.024432182,0.0,0.0044764355,0.032407954,0.0,-0.056351542,0.0,-0.009344876,0.0,0.0,0.0,0.0,0.0,0.0,0.0,0.040766865,0.0,0.0,0.008941412,0.0,0.0,0.0,-0.0017577112,0.0,0.013568915,0.0,0.0,0.018946767,0.0,0.0,0.04765132,0.00024139881,-0.018139869,0.0,0.043210886,-0.09689191,0.019197986,0.0,0.0,0.0,0.0,0.014104605,0.0,0.014707208,0.0,-0.01642704,0.0,0.0,0.0,-0.05216732,-0.021874592,0.053170264,-0.035396934,0.0188701,0.0,-0.02653274,0.08946794,0.009442911,0.006151676,-0.06710976,-0.08750585,0.0,0.026204437,-0.0428783
GKR3BB@A@E138L,-0.10241085,0.0,0.030581713,0.027616486,0.0,-0.04208243,0.0,0.023300469,0.0,0.0,0.0,0.0,0.02457884,0.0,0.0,0.055960998,0.0,0.0,0.06428975,0.0,0.0,0.0,-0.007957548,0.0,0.01801537,0.0,0.0,0.06453788,0.0,0.0,0.01823695,0.083066374,0.10576272,0.0,0.058203258,-0.036463886,0.030846536,0.0,0.0,0.0,0.0,0.1008355,0.0,0.06565396,0.0,0.0344532,0.0,0.0,0.0,-0.05149512,-0.046829924,0.07184431,-0.0022380352,0.009096496,0.021541655,-0.06193556,0.060910106,0.051659897,0.0,-0.0072387457,-0.047287703,0.0,0.09665233,-0.064481884
GKR3BB@A@E138R,0.014876276,0.0,0.023417637,0.025339127,0.0,-0.023998454,0.0,-0.009344876,0.0,0.0,0.0,0.0,0.002331607,0.0,0.0,0.06979661,0.08343142,0.0,0.0038122535,0.0,0.0,0.0,-0.042253852,0.0,0.017033838,0.0,0.0,-0.03315276,0.0,0.0,0.05589564,0.011544526,-0.046019882,0.0,0.06381399,-0.06649515,0.021354765,0.0,0.0,0.0,0.0,0.020683825,0.0,0.019694343,0.0,-0.029577002,0.0,0.0,0.0,-0.082040064,0.011381775,0.028472349,-0.03823182,0.014647178,0.0,0.032714665,0.0062526464,0.044162482,0.0,-0.020415306,-0.091528244,0.0,0.011156201,-0.08951485
GKR3BB@A@E138V,-0.08951886,0.0,0.010315314,0.0058378577,0.0,0.022469819,0.0,0.08267884,0.0,0.0,0.0,0.0,0.013886437,0.0,0.0,-0.018199772,0.0,0.0,0.06826067,0.0,0.0,0.0,0.027467608,0.0,1.5966594e-05,0.0,0.0,0.068571806,0.0,0.0,-0.047557056,0.077825576,0.16895029,0.0,-0.005376622,0.06719491,-0.0070592314,0.0,0.0,0.0,0.0,0.081097305,0.0,0.043380685,0.0,0.098985,0.0,0.0,0.0,0.022801593,-0.045723513,-0.006416589,0.057738632,-0.016819052,0.027029812,-0.07103965,-0.02466768,0.014282078,0.0,0.06383145,0.069787696,0.0,0.096342504,0.015699208
GKR3BB@A@E148R,-0.01551342,0.0,0.017123058,0.018633008,0.0,-0.034191236,0.0,-0.009344876,0.0,0.0,0.0,0.0,0.0038638785,0.0,0.0,0.046110958,0.0,0.0,-0.0067920387,0.0,0.0,0.0,-0.013821363,0.0,0.022834726,0.0,0.0,-0.006516874,0.0,0.0,0.04422441,-0.0034101307,-0.059402615,0.0,0.05032996,-0.060756892,0.024997264,0.0,0.0,0.0,0.0,0.0045310855,0.0,0.026513517,0.0,-0.029577002,0.0,0.0,0.0,-0.04793655,-0.018374816,0.081782356,-0.03520222,0.015239514,0.0,0.006510973,0.103777885,0.029558226,0.0,-0.043058813,-0.078619465,0.0,0.0039102435,-0.055747062
GKR3BB@A@E149R,-0.008856982,0.0,-0.0007409826,-0.0023861676,0.0,-0.05202888,0.0,-0.009344876,0.0,0.0,0.0,0.0,0.0,0.0,0.0,-0.0005058646,0.0,0.0,0.0122464,0.0,0.0,0.0,-0.025772572,0.0,-0.009916358,0.0,0.0,0.024954498,0.0,0.0,-0.0010672808,0.0260773,0.021175414,0.0,0.0003765449,-0.07605764,0.012536094,0.0,0.0,0.0,0.0,0.029400468,0.0,0.0015801489,0.0,-0.0029114485,0.0,0.0,0.0,-0.016664341,-0.0015168488,0.0017930865,-0.0049205422,-0.0021343157,0.0,-0.00069630146,0.048823893,0.00559403,0.0,-0.049797535,-0.02490069,0.0,0.01806277,-0.000121831894
GKR3BB@A@E163L,-0.06772818,0.0,0.024141207,-0.008983284,0.0,0.043481052,0.0,0.021378443,0.0,0.0,0.0,0.0,0.03487891,0.023029685,0.0,0.0065763444,0.0,0.0,0.0064944625,0.0,0.0,0.0,0.039087802,0.0,0.041277498,0.0,0.0,0.011716485,0.0,0.0,-0.013491973,0.014769465,0.0024476647,0.0,0.030999534,0.087880045,-0.0017468184,0.0,0.0,0.0,0.0,0.013339698,0.0,0.06585819,0.0,0.04982567,0.0,0.0,0.0,0.021199808,-0.03642112,0.037743643,0.009942949,-0.0023379773,0.0,-0.018814549,-0.02466768,0.024928242,0.0,0.06495863,0.04928212,0.0,0.030410782,-0.018998355
GKR3BB@A@E185L,-0.06711228,0.0,0.015086427,0.040760204,0.0,-0.07582191,0.0,-0.009344876,0.0,0.0,0.0,0.0,0.0066499338,0.0,0.0,0.060168758,0.0,0.0,0.030452043,0.0,0.0,0.0,0.0053429008,0.0,-0.008148447,0.0,0.0,0.04456398,0.0,0.0,0.02618295,0.037626773,-0.009350747,0.0,0.05028268,-0.07879159,0.036450073,0.0,0.0,0.0,0.0,0.0680691,0.0,0.044445552,0.0,-0.0016894042,0.0,0.0,0.0,-0.054134957,-0.030692726,0.07969135,-0.036222517,0.013540879,0.043269396,-0.04345946,0.1350567,0.025078058,0.0,-0.079817474,-0.07651879,0.0,0.049589485,-0.058642745
GKR3BB@A@E185V,-0.049313575,0.0,0.010343991,0.025248617,0.0,-0.047409624,0.0,0.03535132,0.0,0.0,0.0,0.0,0.011758186,0.0,0.0,0.02374418,0.0,0.0,0.042187512,0.0,0.0,0.0,0.025269926,0.0,-0.010411076,0.0,0.0,0.07089278,0.0,0.0,-0.0149882585,0.05747801,0.06912267,0.0,0.02309645,-0.025480956,0.01969999,0.0,0.0,0.0,0.0,0.081082106,0.0,0.051945277,0.0,0.02438736,0.0,0.0,0.0,-0.00076311827,-0.023845702,0.054366037,0.004804909,0.00026911497,0.050509512,-0.04155025,0.071311235,0.018395394,0.0,-0.04494846,0.014745712,0.0,0.06020063,-0.012604266
GKR3BB@A@E33L,-0.056333974,0.0,0.0139912665,0.0057040006,0.0,0.041398227,0.0,0.034449443,0.0,0.0,0.0,0.0,0.02281303,0.0,0.0,-0.0030754358,0.0,0.0,0.009587735,0.0,0.0,0.0,0.045681745,0.0,0.032342367,0.0,0.0,0.017960906,0.0,0.0,-0.015559882,0.008304745,-0.00025948882,0.0,0.0058286935,0.08407858,-0.0031272322,0.0,0.0,0.0,0.0,0.010376573,0.0,0.040114917,0.0,0.05431509,0.0,0.0,0.0,0.029241398,-0.009189725,0.024957716,0.0032488108,0.0032024756,0.0,-0.003525585,-0.02466768,0.0066697598,0.0,0.07606113,0.06668927,0.0,0.02250126,0.012093157
GKR3BB@A@E33V,-0.06971672,0.0,-0.00408078,-0.03215757,0.0033016503,0.071000725,0.0,0.074770436,0.0,0.0,0.0,0.0,0.0034165978,0.00479722,0.0,-0.07468447,0.0,0.0,0.0067893863,0.0,0.0,0.0,0.04874423,0.0,0.0025652647,0.0,0.0,0.03730139,0.0,0.0,-0.0728634,0.01739493,0.08927047,0.0,-0.046212167,0.15048137,-0.031099409,0.0,0.0,0.0,0.0,0.0053898096,0.0,0.0066017956,0.0,0.087228626,0.0,0.0,0.0,0.08006899,-0.01667133,-0.07105532,0.049806356,-0.026822232,0.0,-0.013707295,-0.02466768,-0.021192297,0.0,0.104456425,0.14229687,0.0,0.002308756,0.080379814
GKR3BB@A@E33Y,-0.058509767,0.0,0.00072378665,-0.026730537,0.0,0.06446284,0.0,0.064933985,0.0,0.0,0.0,0.0,0.008059472,0.0,0.0,-0.05371231,0.0,0.0,0.011950076,0.0,0.0,0.0,0.04820417,0.0,0.0045436993,0.0,0.0,0.035318732,0.0,0.0,-0.0591639,0.023796707,0.061839014,0.0,-0.037424713,0.12910423,-0.02292502,0.0,0.0,0.0,0.0,0.008120358,0.0,0.020896345,0.0,0.07314861,0.0,0.0,0.0,0.06773274,-0.0055337846,-0.033705294,0.04147601,-0.017881252,0.0,-0.010830298,-0.02466768,-0.010953248,0.0,0.10237336,0.12184571,0.0,0.027055904,0.058321357
GKR3BB@A@E53F,-0.024320662,0.0,0.018072248,0.0011527091,0.0,0.0019859672,0.0,-0.009344876,0.0,0.0,0.0,0.0,0.010274135,0.0022651553,0.0,0.042261496,0.0,0.0,-0.0025208592,0.0,0.0,0.0,0.0022146404,0.0,0.021264121,0.0,0.0,-0.005904138,0.0,0.0,0.032345623,-0.0066882074,-0.052158505,0.0,0.042117022,0.0052886307,0.015721992,0.0,0.0,0.0,0.0,0.007789314,0.0,0.02810663,0.0,-0.015274689,0.0,0.0,0.0,-0.035315573,-0.017849877,0.05435756,-0.034873664,0.014342457,0.0,0.0006894171,0.0013307333,0.023881197,0.0,0.010332823,-0.046897545,0.0,0.0094091,-0.04763764
GKR3BB@A@E54L,-0.0014477968,0.0,0.0019256398,-0.013742715,0.0,-0.011341274,0.0,-0.009344876,0.0,0.0,0.0,0.0,0.0,0.0,0.0,0.008313999,0.0,0.0,-0.0021272302,0.0,0.0,0.0,-0.016841143,0.0,-0.0028628558,0.0,0.0,-0.00039201975,0.0,0.0,0.004039854,-0.001002878,-0.013677567,0.0,0.007977337,-0.022739083,-0.00012820959,0.0,0.0,0.0,0.0,-0.0029187799,0.0,0.0048951954,0.0,-0.0022421926,0.0,0.0,0.0,-0.012309499,-0.0035504699,-6.54161e-05,-0.012230948,-0.00057505816,0.0,-0.003106743,0.014145076,0.002094686,0.0,-0.017330825,-0.019930303,0.0,0.0076798946,-0.015217781
GKR3BB@A@E54R,-0.00033578277,0.0,0.0011853874,-0.0022217631,0.0,0.014452994,0.0,0.035734117,0.0,0.0,0.0,0.0,0.0,0.0,0.0,-0.017681405,0.0,0.0,-0.0006789863,0.0,0.0,0.0,0.025066406,0.0,-0.00364165,0.0,0.0,0.05071354,0.0,0.0,-0.020658702,0.016547948,0.0649353,0.0,-0.010563597,0.04514894,-0.0020576864,0.0,0.0,0.0,0.0,0.019421816,0.0,0.010661021,0.0,0.05476606,0.0,0.0,0.0,0.028429031,-0.017719537,-0.0011570454,0.013939336,-0.0058714002,0.0,-0.01533024,-0.02466768,-0.0043706,0.0,0.0138129,0.044836834,0.0,-0.015534371,0.024480313
GKR3BB@A@E54V,-0.019393072,0.0,0.00034885854,-0.015647009,0.0,0.006945014,0.0,-0.008261651,0.0,0.0,0.0,0.0,0.0,0.0,0.0,-0.007171631,0.0,0.0,0.0042738616,0.0,0.0,0.0,-0.006791264,0.0,0.00042628497,0.0,0.0,-0.0070549846,0.0,0.0,-0.013847724,0.004038632,-0.0032663047,0.0,-0.0035184547,0.011021227,-0.008297041,0.0,0.0,0.0,0.0,-0.00088375807,0.0,0.0035084188,0.0,0.027503297,0.0,0.0,0.0,0.003277719,-0.0064276755,-0.028624684,0.0041748285,-0.0075423047,0.0,-0.013061523,-0.010359585,-0.004019618,0.0,0.0094769,0.0049405396,0.0,0.016200453,-0.0029051006
GKR3BB@A@E58V,-0.018081397,0.0,0.00611192,-0.017250493,0.0,0.029601872,0.0,0.010809243,0.0,0.0,0.0,0.0,0.00075984746,0.0113042,0.0,0.00026366115,0.0,0.0,-0.01402384,0.0,0.0,0.0,0.017317474,0.0,-0.0050035045,0.0,0.0,-0.0073477626,0.0,0.0,-0.00520052,-0.012058198,-0.022110611,0.0,0.008787043,0.03407988,-0.01387018,0.0,0.0,0.0,0.0,-0.004206717,0.0,0.015364319,0.0,-0.010158241,0.0,0.0,0.0,0.009377703,0.0023649037,0.01212728,-0.0075000226,-0.0015382767,0.0,0.020184696,-0.02466768,0.0028264076,0.0,0.03060186,0.023611993,0.0,-0.0006400347,-0.0017941594
GKR3BB@A@E69L,-0.009146541,0.0,-0.0122879,-0.007824853,0.0,0.024086446,0.0,0.02551949,0.0,0.0,0.0,0.0,0.0,0.0,0.0,-0.017289221,0.0,0.0,-0.010186404,0.0,0.0,0.0,0.021294236,0.0,-0.03035874,0.0,0.0,0.0036760569,0.0,0.0,0.0039033592,-0.030848563,0.0069169104,0.0,-0.019244656,0.023379833,-0.011475563,0.0,0.0,0.0,0.0,-0.018958688,0.0,-0.040126532,0.0,-0.029577002,0.0,0.0,0.0,0.017742574,0.021743119,-0.047083527,-0.00097566843,0.0009679869,0.0,0.008520722,-0.02466768,-0.021848783,0.011601388,0.0073153973,0.023482218,0.0,-0.005773261,0.029628366
GKR3BB@A@E69V,-0.04339224,0.0,-0.0070493743,-0.01443927,0.0,0.042640388,0.0,0.029904068,0.0,0.0,0.0,0.0,0.0,0.0,0.0,-0.028668523,0.0,0.0,-0.013290405,0.0,0.0,0.0,0.022165596,0.0,-0.026611745,0.0,0.0,8.332729e-05,0.0,0.0,-0.004775703,-0.027992845,0.006365955,0.0,-0.020699352,0.06109014,-0.014301136,0.0,0.0,0.0,0.0,-0.021143854,0.0,-0.038255706,0.0,-0.029577002,0.0,0.0,0.0,0.02804634,0.015720844,-0.06344244,-0.002336219,-0.0036334917,0.0,0.009032041,-0.02466768,-0.016281843,0.0,0.03420484,0.038566187,0.0,-0.013281018,0.033311695
GKR3BB@A@E69Y,-0.037302017,0.0,-0.015407212,-0.029740497,0.0,0.0665929,0.0,0.045058504,0.0,0.0,0.0,0.0,0.0,0.0,0.0,-0.047322348,0.0,0.0,-0.010151118,0.0,0.0,0.0,0.043406576,0.0,-0.023251817,0.0,0.0,0.00666821,0.0,0.0,-0.026484057,-0.017700046,0.036388725,0.0,-0.041233696,0.105101794,-0.027112618,0.0,0.0,0.0,0.0,-0.026086807,0.0,-0.043326482,0.0,0.014103711,0.0,0.0,0.0,0.047411606,0.022898287,-0.07496101,0.026589215,-0.010362901,0.0,0.006118953,-0.02466768,-0.032714814,0.0,0.07038015,0.07056703,0.0,-0.00073742867,0.055155307
GKR3BB@A@E81K,-0.018801391,0.0,0.015998885,0.007513419,0.0,0.03027454,0.0,0.023939237,0.0,0.0,0.0,0.0,0.013645038,0.0,0.0,0.014820561,0.0,0.0,0.01388979,0.0,0.0,0.0,0.028676718,0.0,0.028186947,0.0,0.0,0.00710994,0.0,0.0,0.006140217,0.011410475,-0.009150445,0.0,0.0163989,0.05177036,0.011248529,0.0,0.0,0.0,0.0,0.011862874,0.0,0.029998079,0.0,0.025260031,0.0,0.0,0.0,0.0044122636,-0.02462931,0.05084312,0.01653266,0.0078107715,0.004192531,-0.014071852,0.011581838,0.0202322,0.0,0.04754871,0.005228728,0.0,0.038164765,-0.012273371
GKR3BB@A@E81L,-0.061225995,0.0,0.014934361,-0.002910629,0.0,-0.0019056797,0.0,-0.009344876,0.0,0.0,0.0,0.0,0.002833195,0.0051354766,0.0,0.013523355,0.0,0.0,0.008602679,0.0,0.0,0.0,-0.0002771616,0.0,0.010900661,0.0,0.0,-0.007113695,0.0,0.0,0.0072340667,0.0045921803,-0.04895547,0.0,0.02588556,0.0074754953,0.004002735,0.0,0.0,0.0,0.0,0.013018608,0.0,0.018891662,0.0,-0.0158007,0.0,0.0,0.0,-0.0154648945,-0.0043389797,0.019127518,-0.02094853,-0.0008177385,0.0,0.003761202,0.020375669,0.017379582,0.0,0.0103091,-0.007866278,0.0,0.02882716,-0.029729903
GKR3BB@A@E81R,-0.012308449,0.0,0.02260983,0.017684236,0.0,-0.006238699,0.0,-0.006948352,0.0,0.0,0.0,0.0,0.0129764825,0.0,0.0,0.040234476,0.0,0.0,0.014608115,0.0,0.0,0.0,0.004479587,0.0,0.022672929,0.0,0.0,0.009889662,0.0,0.0,0.030872792,0.018272728,-0.028475016,0.0,0.04029707,-0.010970145,0.02618514,0.0,0.0,0.0,0.0,0.024482846,0.0,0.035319015,0.0,-0.014783561,0.0,0.0,0.0,-0.028777942,-0.022919014,0.07968345,-0.008567363,0.0137562975,0.0,-0.008802265,0.072737634,0.03727646,0.0,0.0023857355,-0.04399745,0.0,0.04397002,-0.045833707
GKR3BB@A@E95L,-0.031885788,0.0,0.012783796,-0.005315393,0.0,-6.5892935e-05,0.0,0.0070429444,0.0,0.0,0.0,0.0,0.0070773214,0.0,0.0,0.0123060495,0.0,0.0,0.035283178,0.0,0.0,0.0,0.016415894,0.0,0.022856712,0.0,0.0,0.06566942,0.0,0.0,0.0059981644,0.03371656,0.044234335,0.0,0.02345907,0.013179094,0.026243657,0.0,0.0,0.0,0.0,0.045631707,0.0,0.028300807,0.0,0.041641995,0.0,0.0,0.0,0.010063648,-0.041121453,0.061976224,0.0066612363,0.006321162,0.007747948,-0.033970386,0.051075816,0.02362822,0.0,0.0047406554,0.0019244701,0.0,0.05383748,-0.0007880628
GKR3BB@A@E96L,-0.01968801,0.0,0.021607459,0.008319095,0.0,0.006273508,0.0,-0.009344876,0.0,0.0,0.0,0.0,0.009922802,0.029135108,0.0,0.047512665,0.004559219,0.0,0.0030262172,0.0,0.0,0.0,-0.00296551,0.0,0.027921267,0.0,0.0,-0.03443885,0.0,0.0,0.04167807,-0.010416895,-0.032252103,0.0,0.04444336,0.0027973354,0.013574719,0.0,0.0,0.0,0.0,-0.005063355,0.0,0.02893044,0.0,-0.027372673,0.0,0.0,0.0,-0.04174739,-0.01901421,0.04697065,-0.017097577,0.018513195,0.0,-0.0033316612,-0.013773322,0.032307,0.0,0.019382,-0.06821719,0.0,0.023672253,-0.055018604
GKR3BB@A@E96V,-0.022965029,0.0,0.0026181042,-0.010037392,0.0,0.0034964979,0.0,-0.008490264,0.0,0.0,0.0,0.0,0.0,0.024514914,0.0,0.013969615,0.0,0.0,0.009523034,0.0,0.0,0.0,-0.007842153,0.0,0.017791241,0.0,0.0,-0.02990973,0.0,0.0,0.0185332,-0.0031030774,-0.007577151,0.0,0.01686678,0.0029906332,-0.002576679,0.0,0.0,0.0,0.0,-0.0064612627,0.0,-0.0013145506,0.0,-0.0028864145,0.0,0.0,0.0,-0.028928488,-0.0188272,-0.017293096,-0.00039732456,0.0045139194,0.0,-0.013158113,-0.02466768,0.0009573251,0.0,0.025999784,-0.051419258,0.0,0.03184566,-0.01990214
GKR3BB@A@F34Y,-0.008783251,0.0,-0.018847115,-0.04110779,0.0,0.02817896,0.0,0.022503108,0.0,0.0,0.0,0.0,0.0,0.01324904,0.0,-0.05626829,0.0,0.0,0.01588738,0.0,0.0,0.0,0.006588161,0.0,-0.0057772845,0.0,0.0,0.013419092,0.0,0.0,-0.055402756,0.009224266,0.098648965,0.0,-0.05103671,0.06847575,-0.024027035,0.0,0.0,0.0,0.0,-0.0019159913,0.0,-0.018040389,0.0,0.091546476,0.0,0.0,0.0,0.050650656,-0.0288551,-0.07496101,0.043240935,-0.023864828,0.0,-0.04569477,-0.02466768,-0.03168212,0.0,0.04567939,0.06945871,0.0,0.003258735,0.061636478
GKR3BB@A@F59Y,-0.02970089,0.0,-0.00038267672,-0.015748948,0.0,0.034253925,0.0,0.010574743,0.0,0.0,0.0,0.0,0.0,0.01396817,0.0,-0.014720172,0.0,0.0,-0.005223632,0.0,0.0,0.0,0.014184654,0.0,0.012901694,0.0,0.0,-0.020387113,0.0,0.0,-0.019786045,-0.01090771,0.011830509,0.0,-0.016930372,0.07191512,-0.012894362,0.0,0.0,0.0,0.0,-0.021116018,0.0,0.005646035,0.0,0.02657707,0.0,0.0,0.0,0.025851235,0.008614063,-0.02967444,0.01716189,-0.0053101256,0.0,-0.0028437972,-0.02466768,-0.0056338757,0.0,0.050812304,0.043051466,0.0,-0.004949838,0.014887691
GKR3BB@A@F61W,-0.0025135279,0.0,-0.0025156215,-0.037317157,0.0,0.011640012,0.0,-0.0011312962,0.0,0.0,0.0,0.0,0.0,0.0,0.0,-0.023590937,0.0,0.0,0.011888564,0.0,0.0,0.0,-0.0053384006,0.0,0.004807085,0.0,0.0,0.017577052,0.0,0.0,-0.01643753,0.012561202,0.052469283,0.0,-0.017796196,0.033616632,-0.00021202862,0.0,0.0,0.0,0.0,0.009019375,0.0,-0.012507752,0.0,0.0033706278,0.0,0.0,0.0,0.026523858,-0.0016253889,-0.04165843,0.015836582,-0.008089006,0.0,-0.0075695217,-0.02466768,0.0006566793,0.0,0.026036024,0.033590674,0.0,0.007742673,0.030594885
GKR3BB@A@G189M,-0.027690768,0.0,-0.0025479272,0.02665253,0.0,-0.040416166,0.0,0.02987513,0.0,0.0,0.0,0.0,0.0,0.0,0.0,0.028178379,0.0,0.0,0.034973413,0.0,0.0,0.0,0.03277123,0.0,-0.025016643,0.0,0.0,0.063405424,0.0,0.0,0.015909716,0.02983749,-0.0062131286,0.0,0.015067756,-0.04270202,0.02543813,0.0,0.0,0.0,0.0,0.040766537,0.0,0.01150614,0.0,0.04420629,0.0,0.0,0.0,-0.017041989,-0.018668473,0.0511325,-0.014866903,0.013096169,0.0698559,-0.0487604,0.07719827,-0.0022814423,0.0,-0.031809926,-0.03355582,0.0,0.06497419,-0.019900084
GKR3BB@A@G36L,0.0034869015,0.0,-0.016333565,-0.018181428,0.0,0.046413332,0.0,0.04597433,0.0,0.0,0.0,0.0,0.0,0.024263382,0.0,-0.04824461,0.0,0.0,0.0032849312,0.0,0.0,0.0,0.021225989,0.0,-0.013768196,0.0,0.0,-0.002083242,0.0,0.0,-0.048808783,-0.002344638,0.050512284,0.0,-0.03485886,0.076616496,-0.045665488,0.0,0.0,0.0,0.0,-0.0063931346,0.0,-0.015331373,0.0,0.045295954,0.0,0.0,0.0,0.032905295,-0.0029739738,-0.066740334,0.039469883,-0.02272845,0.0,0.0030145943,-0.02466768,-0.033669993,0.0,0.06825733,0.06912817,0.0,-0.0050950795,0.043758154
GKR3BB@A@H173V,-0.03655219,0.0,0.025670916,0.0013394803,0.0,0.0013930202,0.0,0.013892874,0.0,0.0,0.0,0.0,0.030468024,0.0,0.0,0.03462036,0.0,0.0,0.0026265383,0.0,0.0,0.0,0.035345286,0.0,0.040372133,0.0,0.0,0.013327718,0.0,0.0,0.03594908,-0.0003042817,-0.025070399,0.0,0.056044422,0.036334604,0.018682152,0.0,0.0,0.0,0.0,0.0102286935,0.0,0.05860696,0.0,-0.029577002,0.0,0.0,0.0,-0.006864354,-0.028934821,0.074088156,-0.019895226,0.016814508,0.010173231,-0.008218944,0.0062841773,0.034852296,0.0,0.017912388,-0.013004571,0.0,0.014040038,-0.03383398
GKR3BB@A@I175F,0.011872709,0.0,0.010860726,0.0036488324,0.0,0.037314445,0.0,0.012598306,0.0,0.0,0.0,0.0,0.003511034,0.015094578,0.0,0.018489465,0.0,0.0,-0.007870555,0.0,0.0,0.0,0.014620841,0.0,0.009902775,0.0,0.0,-0.030883253,0.0,0.0,0.009452969,-0.010348141,-0.03140238,0.0,0.014694713,0.04526481,-0.0017174631,0.0,0.0,0.0,0.0,-0.011789203,0.0,0.020730734,0.0,0.0006892681,0.0,0.0,0.0,-0.008859843,-0.003985226,0.026151985,-0.0025411397,0.0050997287,0.0,0.002979368,-0.02466768,0.014606312,0.0,0.05211574,-0.006871268,0.0,0.0055236816,-0.034618914
GKR3BB@A@I190Q,-0.029031143,0.005635977,0.009627655,0.056627378,0.0,-0.07763347,0.0,-0.009344876,0.0,0.0,0.0,0.0,0.0,0.0,0.0,0.08236675,0.0,0.0,-0.0055722296,0.0,0.0,0.0,-0.026658952,0.0,0.010772042,0.0,0.0,-0.04141438,0.0,0.0,0.1031415,-0.049676836,-0.13785025,0.0,0.061137207,-0.12970173,0.04537767,0.0,0.0,0.0,0.0,-0.015497923,0.0,-0.024055094,0.0,-0.029577002,0.0,0.0,0.0,-0.12592672,-0.020758763,0.056082815,-0.07707067,0.03949108,0.0,-0.009499669,0.09586918,0.01656799,0.013771832,-0.08926046,-0.19601087,0.0,-0.0032678246,-0.095798045
GKR3BB@A@I192Y,0.031235129,0.0,-0.012346432,-0.013722658,0.0,-0.013657689,0.0,-0.008581758,0.0,0.0,0.0,0.0,0.0,0.0,0.0,-0.005881384,0.0040537715,0.0,-0.02319032,0.0,0.0,0.0,-0.010897368,0.0,-0.0122785345,0.0,0.0,-0.017795384,0.0,0.0,0.009295687,-0.030231357,-0.040537864,0.0,-0.014168158,-0.023737371,-0.004902199,0.0,0.0,0.0,0.0,-0.030948997,0.0,-0.03092818,0.0,-0.029577002,0.0,0.0,0.0,-0.0090920925,0.018434167,-0.029020935,-0.01875171,0.0013366938,0.0,0.024259418,-0.018298566,-0.019111425,0.0,-0.022172451,-0.020604223,0.0,-0.036190778,0.009188056
GKR3BB@A@I71C,-0.03979428,0.0,0.016930476,0.03877732,0.0,-0.04745184,0.0,-0.009344876,0.0,0.0,0.0,0.0,0.009671241,0.0,0.0,0.056199715,0.0,0.0,0.009854674,0.0,0.0,0.0,-0.0032456517,0.0,0.016500056,0.0,0.0,-0.0031490922,0.0,0.0,0.037442803,0.005135685,-0.06956461,0.0,0.053593658,-0.054434568,0.024894387,0.0,0.0,0.0,0.0,0.027961731,0.0,0.028733999,0.0,-0.01934649,0.0,0.0,0.0,-0.056473717,-0.011261165,0.06894186,-0.04451987,0.016521417,0.0,-0.0076072216,0.101126015,0.026952416,0.0,-0.04837942,-0.07597393,0.0,0.014126107,-0.06499323
GKR3BB@A@K117I,-0.0510014,0.0,0.040111378,0.009344697,0.0,-0.006206125,0.0,-0.009344876,0.0,0.0,0.0,0.0,0.047922008,0.0,0.0,0.08696817,0.0,0.0,0.026390702,0.0,0.0,0.0,0.024618208,0.0,0.068018556,0.0,0.0,-0.002335012,0.0,0.0,0.058618292,0.021313936,-0.0727078,0.0,0.08608318,-0.001635015,0.04053077,0.0,0.0,0.0,0.0,0.039394975,0.0,0.072655626,0.0,-0.029577002,0.0,0.0,0.0,-0.052635312,-0.020907491,0.119550884,-0.018887669,0.029574186,0.043222964,0.0024068952,0.015303075,0.056672394,0.0,0.031187892,-0.07484758,0.0,0.0766837,-0.07926604
GKR3BB@A@K118N,0.01220715,0.0,0.00286524,-0.017751783,0.0,0.0011789501,0.0,-0.009344876,0.0,0.0,0.0,0.0,0.0,0.00035125017,0.0,0.021399736,0.0,0.0,-0.0005068779,0.0,0.0,0.0,-0.002431959,0.0,0.00017641485,0.0,0.0,-0.022607028,0.0,0.0,0.01562345,-0.0011272728,-0.01617542,0.0,0.014805235,-0.0029932559,0.0022600591,0.0,0.0,0.0,0.0,-0.0067685246,0.0,0.0063397735,0.0,-0.013944015,0.0,0.0,0.0,-0.023214325,-0.0018535852,0.009155661,-0.00039741397,0.0043815747,0.0,-0.0035601854,-0.02466768,0.0065957606,0.0,0.014537871,-0.031141207,0.0,0.01720582,-0.029955775
GKR3BB@A@K129I,-0.0023172796,0.0,-0.00057408214,0.04261872,0.0,-0.027374968,0.0,0.0041199327,0.0,0.0,0.0,0.0,0.0,0.0,0.0,0.041546136,0.0,0.0,-0.011677861,0.0,0.0,0.0,0.028803527,0.0,0.014005609,0.0,0.0,0.0025487542,0.0,0.0,0.036506444,-0.041754752,-0.07393989,0.0,0.021822043,-0.050374955,0.014792234,0.0,0.0,0.0,0.0,-0.019903302,0.0,0.013814747,0.0,0.029740453,0.0,0.0,0.0,-0.022734381,-0.015384734,0.09549366,-0.035778284,0.02476824,0.053797573,-0.0133612305,0.02590692,-0.013067722,0.025804102,-0.024704099,-0.049863026,0.0,-0.01844573,-0.022434682
GKR3BB@A@K129V,-0.00571084,0.0,0.009879746,0.043462947,0.0,-0.035739765,0.0,-0.009344876,0.0,0.0,0.0,0.0,0.0,0.0,0.0,0.07450725,0.0,0.0,-0.026262641,0.0,0.0,0.0,0.0019786656,0.0,0.008608595,0.0,0.0,-0.028917551,0.0,0.0,0.06489715,-0.049725533,-0.1053212,0.0,0.05093395,-0.06870219,0.025680393,0.0,0.0,0.0,0.0,-0.027968764,0.0,0.025261134,0.0,-0.02298154,0.0,0.0,0.0,-0.061010726,-0.015027523,0.11699341,-0.06342092,0.03122501,0.019005448,-0.0017084479,0.045075357,0.010408178,0.0,-0.03577125,-0.10231052,0.0,-0.030243546,-0.06804043
GKR3BB@A@K144N,-0.01919131,0.0,0.0028878972,0.012362689,0.0,0.0016690195,0.0,0.01776424,0.0,0.0,0.0,0.0,1.7993152e-05,0.0,0.0,0.017918363,0.0,0.0,0.008930266,0.0,0.0,0.0,0.018435746,0.0,0.016552672,0.0,0.0,0.013646662,0.0,0.0,0.0059936643,0.0018305779,-0.0034630597,0.0,0.013479702,-0.0019316375,0.0058395267,0.0,0.0,0.0,0.0,0.007507384,0.0,0.022891715,0.0,0.03170523,0.0,0.0,0.0,0.0038101673,-0.020204157,0.07327449,-0.00024442375,0.0065971315,0.010507762,-0.018895358,0.05742079,0.003925562,0.0,0.007763505,-0.0073660016,0.0,0.01798138,-0.004093051
GKR3BB@A@K186I,-0.04022309,0.01756315,0.018037185,0.044041738,0.0,-0.09245254,0.0,-0.009344876,0.0,0.0,0.0,0.0,0.0,0.0,0.0,0.09074111,0.0,0.0,0.0042347014,0.0,0.0,0.0,-0.015258014,0.0,-0.018186897,0.0,0.0,0.025024056,0.0,0.0,0.07804896,-0.0025330186,-0.074837,0.0,0.07644882,-0.11664623,0.046853513,0.0,0.0,0.0,0.0,0.030853033,0.0,0.018779144,0.0,-0.029577002,0.0,0.0,0.0,-0.10558994,0.004616648,0.08815235,-0.0769293,0.030054294,0.003250122,-0.003914267,0.15217549,0.032843366,0.0,-0.10179782,-0.13973469,0.0,0.022921383,-0.112329036
GKR3BB@A@K193N,0.004281372,0.0,-0.0011667088,-0.018982127,0.0,0.018999577,0.0,0.013755456,0.0,0.0,0.0,0.0,0.0,0.0,0.0,-0.004486695,0.0,0.0,-0.0035780966,0.0,0.0,0.0,0.017225802,0.0,0.01417698,0.0,0.0,0.017794669,0.0,0.0,0.00048796833,-0.004881203,0.017720073,0.0,-0.0015812218,0.052181214,-0.003753066,0.0,0.0,0.0,0.0,-0.0024362803,0.0,-0.006003991,0.0,-0.018710718,0.0,0.0,0.0,0.022273064,0.005187094,-0.0039947927,0.0056755394,0.0026087686,0.0,0.009953558,-0.02466768,-0.0045339465,0.0,0.029808402,0.037678972,0.0,-0.013924301,0.021892697
GKR3BB@A@K29I,-0.09650719,0.0,-0.01274886,-0.06285097,0.0070323795,0.09386906,0.0,0.059696987,0.0,0.0,0.0,0.0,0.0,0.03821683,0.0,-0.09139927,0.0,0.0,-0.0134218335,0.0,0.0,0.0,0.044147447,0.0,-0.015557036,0.0,0.0,0.038247645,0.0,0.0,-0.08537035,-0.0037987232,0.11818832,0.0,-0.064712405,0.2057595,-0.041924417,0.0,0.0,0.0,0.0,-0.012840927,0.0,-0.0025967509,0.0,0.0908525,0.0,0.0,0.0,0.09259491,-0.016696483,-0.07496101,0.042070717,-0.034842856,0.0,-0.017831668,-0.02466768,-0.030432448,0.0,0.12601393,0.15554558,0.0,-0.0438264,0.0979791
GKR3BB@A@K32N,0.015194654,0.0,-0.011856213,-0.018863201,0.0,-0.0006656945,0.0,0.001529932,0.0,0.0,0.0,0.0,0.0,0.0,0.0,-0.010455355,0.0,0.0,0.012523413,0.0,0.0,0.0,-0.004447609,0.0,-0.013615571,0.0,0.0,-0.0028777719,0.0,0.0,-0.008048043,-0.0020996928,0.045875132,0.0,-0.020868964,0.007469207,-0.0056036115,0.0,0.0,0.0,0.0,-0.00375247,0.0,-0.024067536,0.0,0.00786151,0.0,0.0,0.0,0.0021108836,-0.0042671263,-0.05176735,0.015657514,-0.0047362596,0.0,-0.024184227,-0.02466768,-0.014313474,0.0,0.0017671585,-0.00070898235,0.0,0.013212919,0.014785022
GKR3BB@A@K72N,-0.018871158,0.0,-0.0114053115,-0.0036760718,0.0,0.03025201,0.0,0.011580765,0.0,0.0,0.0,0.0,0.0,0.0,0.0,-0.01408191,0.0,0.0,0.0012978911,0.0,0.0,0.0,0.022058368,0.0,-0.0028417632,0.0,0.0,-0.031328976,0.0,0.0,-0.0068077147,-0.022970796,-0.014252216,0.0,-0.022804558,0.042004257,-0.010791302,0.0,0.0,0.0,0.0,-0.025352001,0.0,-0.028019115,0.0,0.029982775,0.0,0.0,0.0,0.009658948,0.005402535,-0.054233044,0.009533882,-0.002596043,0.0,-0.013469756,-0.02466768,-0.021771193,0.0,0.04215777,0.006566286,0.0,0.013427839,0.014739573
GKR3BB@A@K91D,-0.03482066,0.0,0.014793292,0.006539911,0.0,-0.027123868,0.0,-0.009344876,0.0,0.0,0.0,0.0,0.00019169599,0.0,0.0,0.045304894,0.027784228,0.0,0.013824016,0.0,0.0,0.0,-0.039958775,0.0,0.026283562,0.0,0.0,-0.024577975,0.0,0.0,0.03341344,0.00522241,-0.03724262,0.0,0.041545875,-0.054848164,0.020071521,0.0,0.0,0.0,0.0,0.011567533,0.0,0.02345787,0.0,-0.027568832,0.0,0.0,0.0,-0.044136688,-0.01109308,0.048973277,-0.029904455,0.0107833,0.0,-0.001635611,0.04586625,0.029929549,0.0,-0.010034025,-0.06647614,0.0,0.024377465,-0.047433525
GKR3BB@A@K91M,-0.026780024,0.0,-0.005593814,-0.012970626,0.0,-0.037086874,0.0,-0.009344876,0.0,0.0,0.0,0.0,0.0,0.0,0.0,0.0026117265,0.045365274,0.0,-0.004265666,0.0,0.0,0.0,-0.034184486,0.0,-0.033582374,0.0,0.0,-0.023810804,0.0,0.0,0.025574714,0.015507221,-0.060255438,0.0,0.031161375,-0.10273449,-0.015142724,0.0,0.0,0.0,0.0,0.0011919141,0.0,-0.033332154,0.0,-0.029577002,0.0,0.0,0.0,-0.060330637,0.014803797,-0.015083641,-0.029909402,-0.009689167,0.0,0.03466758,0.11366618,0.0010183752,0.0,-0.055205345,-0.09710583,0.0,0.029986382,-0.04199919
GKR3BB@A@K92N,-0.02424112,0.0,-0.0015227348,0.008522153,0.0,-0.017781854,0.0,-0.009344876,0.0,0.0,0.0,0.0,0.0,0.0,0.0,0.022061393,0.0,0.0,0.008061349,0.0,0.0,0.0,-0.010817468,0.0,0.017587818,0.0,0.0,-0.023357928,0.0,0.0,0.023208559,-0.013846546,-0.036036044,0.0,0.009932265,-0.03335136,0.00871779,0.0,0.0,0.0,0.0,-0.010726869,0.0,-0.0044100136,0.0,0.018486187,0.0,0.0,0.0,-0.027286604,-0.002896756,0.0148540735,-0.017414868,0.010588452,0.0,-0.010538891,0.031463087,0.00014744699,0.0,0.0013928413,-0.052994654,0.0,0.030227989,-0.021946967
GKR3BB@A@L151V,0.01040864,0.008679658,0.013119146,0.03579226,0.0,-0.054502532,0.0,-0.009344876,0.0,0.0,0.0,0.0,0.0,0.0,0.0,0.0814669,0.06883329,0.0,-0.024390578,0.0,0.0,0.0,-0.033020943,0.0,-0.025829993,0.0,0.0,-0.024187207,0.0,0.0,0.08080202,-0.023498595,-0.07819721,0.0,0.06287571,-0.09978433,0.030616656,0.0,0.0,0.0,0.0,-0.0032668114,0.0,0.0032345802,0.0,-0.029577002,0.0,0.0,0.0,-0.09294919,0.025612324,0.08379331,-0.057641745,0.028174154,0.0,0.036314815,0.085930824,0.032242715,0.0,-0.07029146,-0.12322324,0.0,-0.019879669,-0.09339598
GKR3BB@A@L180Q,-0.0390279,0.0,0.005092874,0.034835413,0.0,-0.0069357157,0.0,-0.008553952,0.0,0.0,0.0,0.0,0.0,0.0,0.0,0.05005409,0.0,0.0,-0.0039688647,0.0,0.0,0.0,0.016372085,0.0,0.008908793,0.0,0.0,-0.035888255,0.0,0.0,0.04282455,-0.030364275,-0.07422969,0.0,0.035579033,-0.024796814,0.015427843,0.0,0.0,0.0,0.0,-0.013918221,0.0,0.009108007,0.0,0.0015657544,0.0,0.0,0.0,-0.057265617,-0.0125647485,0.037227944,-0.037443995,0.019917138,0.0,-0.017101675,0.0260486,0.0056372285,0.0,0.009335518,-0.09116965,0.0,0.013591632,-0.055573434
GKR3BB@A@L191F,-0.0068848133,0.0,0.0018776506,-0.0042439103,0.0,-0.0063850284,0.0,-0.007350415,0.0,0.0,0.0,0.0,0.0,0.0,0.0,0.0051357,0.0,0.0,0.0023277104,0.0,0.0,0.0,0.0036601126,0.0,0.017346263,0.0,0.0,0.0079443455,0.0,0.0,0.0067392737,0.0033591688,-0.003426373,0.0,0.0045842975,-0.00075766444,0.0057926327,0.0,0.0,0.0,0.0,0.004353285,0.0,0.004060656,0.0,-0.0014943033,0.0,0.0,0.0,0.00086560845,-0.00010961294,0.007259667,-0.0047668666,0.0043700635,0.0,-0.0015057623,-0.016928613,0.00082936883,0.0,-0.00044822693,-0.0017129034,0.0,0.007522881,0.004004866
GKR3BB@A@M200R,0.03311512,0.0,0.0035855547,-0.012423888,0.0,-0.013356954,0.0,-0.009344876,0.0,0.0,0.0,0.0,0.0,0.0,0.0,0.019465238,0.0,0.0,0.005827427,0.0,0.0,0.0,-0.006198317,0.0,0.009280264,0.0,0.0,0.020231366,0.0,0.0,0.014862716,0.00044581294,0.003912151,0.0,0.018017136,-0.019059002,0.014524654,0.0,0.0,0.0,0.0,0.013569653,0.0,0.007014975,0.0,-0.00043824315,0.0,0.0,0.0,-0.011480026,-0.01780957,0.018467754,-0.015700161,0.0062942654,0.0,-0.009936333,-0.00688076,0.007578358,0.0,-0.013895988,-0.026307687,0.0,-0.0028438717,-0.010558099
GKR3BB@A@N100T,0.011506379,0.0,-0.00051780045,-0.02570191,0.0,0.05357787,0.0,0.021934256,0.0,0.0,0.0,0.0,0.0,0.016432464,0.0,-0.018471941,0.0,0.0,-0.023950666,0.0,0.0,0.0,0.020594835,0.0,0.008790046,0.0,0.0,-0.009435058,0.0,0.0,-0.012612551,-0.026355386,0.014739722,0.0,-0.014970183,0.08255562,-0.012021229,0.0,0.0,0.0,0.0,-0.03330213,0.0,0.0045471787,0.0,0.009735987,0.0,0.0,0.0,0.039305463,-0.004827112,-0.005633235,0.012237698,-0.0017561391,0.0,0.009741515,-0.02466768,-0.0055875033,0.0,0.061843038,0.050297365,0.0,-0.03609872,0.028206289
GKR3BB@A@N115M,-0.107556164,0.0,0.037838772,0.023128718,0.0,-0.08141208,0.0,-0.009344876,0.0,0.0,0.0,0.0,0.033108324,0.0,0.0,0.0854616,0.0,0.0,0.036345333,0.0,0.0,0.0,-0.014804095,0.0,0.047438473,0.0,0.0,0.034833044,0.0,0.0,0.051781043,0.066648334,-0.10006288,0.0,0.09173422,-0.10778423,0.04486455,0.0,0.0,0.0,0.0,0.07471073,0.0,0.07466174,0.0,-0.029577002,0.0,0.0,0.0,-0.07171852,-0.021282345,0.14146614,-0.05683577,0.016898088,0.0119455755,-0.016819715,0.24824637,0.057101056,0.0,-0.07293862,-0.10093802,0.0,0.10029906,-0.09801784
GKR3BB@A@N160M,-0.0471735,0.0,0.02584529,-0.009783536,0.0,0.02583006,0.0,-0.009344876,0.0,0.0,0.0,0.0,0.021112934,0.06445718,0.0,0.059598878,0.0,0.0,-0.020798028,0.0,0.0,0.0,-0.0019518733,0.0,0.06505388,0.0,0.0,-0.059720278,0.0,0.0,0.055791155,-0.034897834,-0.11989644,0.0,0.06455844,0.025576204,0.014278218,0.0,0.0,0.0,0.0,-0.024946928,0.0,0.03575124,0.0,-0.029577002,0.0,0.0,0.0,-0.046864606,-0.013954848,0.058081254,-0.044768542,0.018415853,0.0,0.015290618,-0.02466768,0.03067872,0.0,0.04968655,-0.0710015,0.0,-0.0040712655,-0.06709623
GKR3BB@A@N160Q,-0.04285291,0.0,-0.016370751,-0.036140427,0.0,0.063114315,0.0,0.032298297,0.0,0.0,0.0,0.0,0.0,0.039099038,0.0,-0.05929266,0.0,0.0,-0.006827414,0.0,0.0,0.0,0.028256148,0.0,0.015557341,0.0,0.0,-0.027091265,0.0,0.0,-0.05998218,-0.019161433,0.0014218688,0.0,-0.055657398,0.12147662,-0.038292736,0.0,0.0,0.0,0.0,-0.03727597,0.0,-0.014252633,0.0,0.107774794,0.0,0.0,0.0,0.061401203,-0.007207036,-0.07496101,0.030136526,-0.020699166,0.0,-0.026811734,-0.02466768,-0.04239054,0.0,0.091973186,0.094773576,0.0,-0.016041398,0.060730696
GKR3BB@A@N28M,-0.10392526,0.0,0.01853086,0.011151791,0.0,-0.019465804,0.0,-0.009344876,0.0,0.0,0.0,0.0,0.024862908,0.0,0.0,0.02708365,0.0,0.0,0.01686266,0.0,0.0,0.0,0.019133598,0.0,0.02190677,0.0,0.0,0.054132342,0.0,0.0,0.002345562,0.01747787,-0.008020699,0.0,0.035554387,0.02980563,0.024715796,0.0,0.0,0.0,0.0,0.03913188,0.0,0.049999185,0.0,0.046896502,0.0,0.0,0.0,-0.0045507997,-0.02916047,0.0635871,-0.03332816,0.0091949925,0.014420122,-0.030322194,0.018832326,0.02376765,0.0,0.0056089163,0.000803262,0.0,0.018833846,-0.017700672
GKR3BB@A@N63S,0.006255567,0.0,0.0072228163,0.0017134249,0.0,-0.009496838,0.0,-0.009344876,0.0,0.0,0.0,0.0,0.0,0.0029839873,0.0,0.031736538,0.0065811276,0.0,0.0053041577,0.0,0.0,0.0,-0.02045986,0.0,0.013510078,0.0,0.0,-0.02150482,0.0,0.0,0.027605489,-0.0039682686,-0.025397927,0.0,0.028768294,-0.023563474,0.006654635,0.0,0.0,0.0,0.0,0.00784868,0.0,-0.001872927,0.0,-0.02644384,0.0,0.0,0.0,-0.03761691,-0.0050604343,0.005522877,-0.019814402,0.006894879,0.0,0.00046274066,-0.01190275,0.014038473,0.0,-0.0035642385,-0.058235586,0.0,0.0028606355,-0.03629005
GKR3BB@A@N70M,-0.023660213,0.0,-0.005050406,-0.06072344,0.0,0.036846578,0.0,0.024245963,0.0,0.0,0.0,0.0,0.0,0.0,0.0,-0.058532625,0.0,0.0,-0.028381407,0.0,0.0,0.0,0.009267509,0.0,-0.039963998,0.0,0.0,0.029263496,0.0,0.0,-0.03457211,-0.009473503,0.037172377,0.0,-0.031135723,0.06235674,-0.021998987,0.0,0.0,0.0,0.0,-0.018236041,0.0,-0.017791122,0.0,-0.029577002,0.0,0.0,0.0,0.05467315,0.009644121,-0.040665478,0.01251021,-0.020478554,0.0,0.03140831,-0.02466768,-0.009381235,0.0,0.018473923,0.0848362,0.0,-0.034289613,0.05310005
GKR3BB@A@N85K,-0.0031087697,0.0,0.02070351,-0.013427481,0.0,0.024358958,0.0,0.035372525,0.0,0.0,0.0,0.0,0.021266669,0.0,0.0,0.0019983351,0.0,0.0,0.027524441,0.0,0.0,0.0,0.015945762,0.0,0.039289966,0.0,0.0,0.03774938,0.0,0.0,-0.011993751,0.04017955,0.037105143,0.0,0.011598118,0.06092885,0.013537541,0.0,0.0,0.0,0.0,0.032986224,0.0,0.04168979,0.0,0.03273709,0.0,0.0,0.0,0.028553188,-0.03769298,0.043858096,0.031853154,0.0011447221,0.0,-0.023886353,0.002896428,0.029734433,0.0,0.049357653,0.042792633,0.0,0.043296903,0.0076325834
GKR3BB@A@N85R,0.0038656592,0.0,0.030326352,0.017568275,0.0,-0.02031821,0.0,-0.008138329,0.0,0.0,0.0,0.0,0.018353939,0.0,0.0,0.054244697,0.026623964,0.0,0.013737261,0.0,0.0,0.0,-0.007923037,0.0,0.027281642,0.0,0.0,0.018264115,0.0,0.0,0.039009124,0.025254369,-0.026965111,0.0,0.055286787,-0.026046664,0.03527476,0.0,0.0,0.0,0.0,0.032470763,0.0,0.047620542,0.0,-0.029577002,0.0,0.0,0.0,-0.035149083,-0.03554687,0.108378336,-0.019100934,0.016989693,0.0,-0.008614719,0.08583361,0.050991967,0.0,-0.011637807,-0.047397673,0.0,0.032213956,-0.057495683
GKR3BB@A@P18W,-0.0141329765,0.0,0.015159085,-0.036019146,0.0,0.027387321,0.0,0.011563882,0.0,0.0,0.0,0.0,0.009854592,0.0031052828,0.0,-0.020272046,0.027415574,0.0,0.025219917,0.0,0.0,0.0,0.0018976033,0.0,0.033388615,0.0,0.0,0.012885332,0.0,0.0,-0.026957855,0.039317578,0.0003938973,0.0,-0.005277157,0.04804793,0.0038451701,0.0,0.0,0.0,0.0,0.021642625,0.0,0.015586495,0.0,-0.015670821,0.0,0.0,0.0,0.031128526,0.0044141114,-0.017996311,0.025877938,-0.00955347,0.0,0.017251998,-0.02466768,0.022883251,0.0,0.053278923,0.05710505,0.0,0.04800427,0.021817237
GKR3BB@A@Q152K,-0.01319471,0.0,0.0059632733,0.005302027,0.0,0.038044095,0.0,0.041150585,0.0,0.0,0.0,0.0,0.012858376,0.008971214,0.0,-0.0029647648,0.0,0.0,-0.009245694,0.0,0.0,0.0,0.038806915,0.0,0.013019517,0.0,0.0,0.0018197298,0.0,0.0,-0.021713018,-0.0034523904,0.026266158,0.0,-0.0032887682,0.07879552,-0.010809913,0.0,0.0,0.0,0.0,-0.005836129,0.0,0.037344396,0.0,0.05373998,0.0,0.0,0.0,0.030715391,-0.009264171,0.028828159,0.017977864,-0.0031580254,0.0094359815,-0.010466963,-0.02466768,-0.0005390048,0.0,0.05505079,0.05468394,0.0,-0.011110902,0.008525729
GKR3BB@A@Q39R,-0.12047374,0.0,0.01299426,0.009102061,0.0,0.006321639,0.0,0.02159904,0.0,0.0,0.0,0.0,0.021630108,0.0,0.0,-0.026400715,0.0,0.0,0.029773861,0.0,0.0,0.0,0.027670175,0.0,0.025563054,0.0,0.0,0.044021934,0.0,0.0,-0.038143158,0.046294212,0.07709876,0.0,0.00051240623,0.06743446,-0.0034899265,0.0,0.0,0.0,0.0,0.04741597,0.0,0.03487414,0.0,0.09978782,0.0,0.0,0.0,0.02610524,-0.0324315,-0.019950032,0.017470956,-0.012660287,0.0,-0.038043424,-0.01563263,0.009303555,0.0,0.046479583,0.06393437,0.0,0.04793939,0.017495394
GKR3BB@A@Q48K,-0.05245459,0.0,0.0027908236,-0.014239803,0.0,0.040076494,0.0,0.01769571,0.0,0.0,0.0,0.0,0.0023263544,0.03434211,0.0,-0.007964715,0.0,0.0,0.01588443,0.0,0.0,0.0,0.02213332,0.0,0.024369307,0.0,0.0,-0.01335758,0.0,0.0,-0.019053996,0.010934144,0.034230053,0.0,-0.0028228462,0.091059655,-0.013328999,0.0,0.0,0.0,0.0,0.0074834824,0.0,0.005769372,0.0,0.061291963,0.0,0.0,0.0,0.012548611,-0.012281805,-0.049821854,0.02149187,-0.006815009,0.0,-0.028178662,-0.02466768,-0.0014967471,0.0,0.07371831,0.022252738,0.0,0.021915942,0.000808686
GKR3BB@A@Q48R,-0.05415979,0.0,0.0011237711,-0.014911532,0.0,0.03172326,0.0,0.026070416,0.0,0.0,0.0,0.0,0.004299335,0.016402364,0.0,-0.02471681,0.0,0.0,0.007920355,0.0,0.0,0.0,0.018339306,0.0,0.007548228,0.0,0.0,0.011457562,0.0,0.0,-0.038440734,0.018023849,0.07035631,0.0,-0.011767469,0.088344604,-0.017347664,0.0,0.0,0.0,0.0,0.011527181,0.0,0.015568152,0.0,0.06463237,0.0,0.0,0.0,0.033221424,-0.013979912,-0.043107063,0.02739209,-0.014116235,0.0,-0.025675252,-0.02466768,-0.0039390773,0.0,0.05721152,0.0567113,0.0,0.0012158453,0.02136159
GKR3BB@A@Q66R,0.011011869,0.0,0.008804627,0.0020817667,0.0,-0.016344547,0.0,-0.009344876,0.0,0.0,0.0,0.0,0.0,0.023291588,0.0,0.04386379,0.040353358,0.0,-0.0044635534,0.0,0.0,0.0,-0.03805077,0.0,-0.012395307,0.0,0.0,-0.033743978,0.0,0.0,0.036243737,-0.0052106082,-0.023389667,0.0,0.039541267,-0.04749161,0.0014459044,0.0,0.0,0.0,0.0,0.0028784275,0.0,0.0070121735,0.0,-0.029577002,0.0,0.0,0.0,-0.057875656,-0.0012950003,0.027508557,-0.03071642,0.0048634484,0.0,0.001324147,0.033356965,0.024776906,0.0,-0.024165392,-0.086916514,0.0,-0.007210061,-0.069411665
GKR3BB@A@R159G,-0.11729506,0.12006633,0.058858156,0.078462824,0.0,-0.06755847,0.0,-0.009344876,0.0,0.0,0.0,0.0,0.03670945,0.0070871115,0.0,0.19044153,0.0048057437,0.0,-0.021925628,0.0,0.0,0.0,-0.029284328,0.0,0.06690259,0.0,0.0,-0.095945716,0.0,0.0,0.1788784,-0.046413034,-0.22832707,0.0,0.17931297,-0.1295537,0.070908055,0.0,0.0,0.0,0.0,0.003401816,0.0,0.06601707,0.0,-0.029577002,0.0,0.0853633,0.0,-0.13289513,-0.016762927,0.17297629,-0.14041643,0.06353129,0.0,0.014743745,0.13828775,0.09250504,0.0,-0.052507937,-0.20959829,0.0,0.017214552,-0.23063913
GKR3BB@A@S156M,-0.0017890036,0.0,0.0016476735,-0.036937222,0.0,0.055927068,0.0,0.029070988,0.0,0.0,0.0,0.0,0.0,0.037765145,0.0,-0.0422785,0.0,0.0,-0.013626605,0.0,0.0,0.0,0.011336446,0.0,0.010999039,0.0,0.0,-0.011776328,0.0,0.0,-0.042903483,-0.0062110126,0.015686661,0.0,-0.029495127,0.08728489,-0.0231698,0.0,0.0,0.0,0.0,-0.025827646,0.0,0.011121511,0.0,0.01461263,0.0,0.0,0.0,0.055029765,0.00056523085,-0.028838575,0.03818296,-0.017016508,0.0,0.014474273,-0.02466768,-0.006842017,0.0,0.06144464,0.083177105,0.0,-0.019014046,0.04406339
GKR3BB@A@S19F,-0.025513396,0.0,-0.0064251423,-0.02958028,0.0,0.046781003,0.0,0.05602707,0.0,0.0,0.0,0.0,0.0,0.0,0.0,-0.062102124,0.0,0.0,0.0053434074,0.0,0.0,0.0,0.03368953,0.0,-0.011938527,0.0,0.0,0.050046742,0.0,0.0,-0.056658536,0.013886869,0.061807215,0.0,-0.04403522,0.096655875,-0.013172075,0.0,0.0,0.0,0.0,0.011536896,0.0,-0.008069634,0.0,0.04206553,0.0,0.0,0.0,0.073750615,-0.009509087,-0.043180346,0.035826564,-0.020126082,0.0,-0.0018436611,-0.02466768,-0.0127673745,0.0,0.051235557,0.112337485,0.0,-0.00968343,0.076476544
GKR3BB@A@S83V,-0.032086268,0.0,0.015770584,-0.010658681,0.0,0.035304636,0.0,0.03672102,0.0,0.0,0.0,0.0,0.023418427,0.009896398,0.0,-0.013703585,0.0,0.0,0.01696992,0.0,0.0,0.0,0.0357804,0.0,0.023869336,0.0,0.0,0.03924617,0.0,0.0,-0.025920033,0.022088498,0.055107504,0.0,0.0028138012,0.0922533,0.0063189566,0.0,0.0,0.0,0.0,0.021625102,0.0,0.0453713,0.0,0.055694267,0.0,0.0,0.0,0.041532174,-0.036006257,0.031810522,0.027435675,-0.005322747,0.0,-0.022531062,-0.02466768,0.018804163,0.0,0.06622243,0.06720723,0.0,0.014407009,0.019262046
GKR3BB@A@T147K,0.06412706,0.0,-0.008528203,-0.0035983026,0.0,0.02925694,0.0,0.023061082,0.0,0.0,0.0,0.0,0.0,0.002055943,0.0,-0.0087291,0.017174363,0.0,-0.039696097,0.0,0.0,0.0,-0.0029957294,0.0,-0.030446995,0.0,0.0,-0.029443264,0.0,0.0,-0.0036285073,-0.034665257,0.0010828674,0.0,-0.022362433,0.022582144,-0.016608253,0.0,0.0,0.0,0.0,-0.04529214,0.0,-0.014588743,0.0,-0.029577002,0.0,0.0,0.0,0.0147895515,0.028836578,0.006095797,0.019937932,-0.0025083572,0.0,0.041060567,-0.02466768,-0.010022432,0.0,0.0061246157,0.026860118,0.0,-0.061071426,0.012317151
GKR3BB@A@T176K,-0.048228696,0.0,0.010884792,0.04136011,0.0,-0.07750659,0.0,-0.009344876,0.0,0.0,0.0,0.0,0.0,0.0,0.0,0.076694116,0.0,0.0,-0.014894664,0.0,0.0,0.0,-0.025310367,0.0,0.0053656623,0.0,0.0,-0.04406476,0.0,0.0,0.07771665,-0.031076908,-0.11605635,0.0,0.0574575,-0.11544965,0.029560104,0.0,0.0,0.0,0.0,-0.009742916,0.0,0.007541269,0.0,-0.029577002,0.0,0.0,0.0,-0.105126455,-0.0023587942,0.0637525,-0.08066498,0.029704623,0.0,-0.0038621426,0.10574916,0.01670301,0.0,-0.06773916,-0.1584226,0.0,0.0029034913,-0.097130686
GKR3BB@A@T24E,0.00017824769,0.0,-0.008858666,-0.006722003,0.0,0.008026868,0.0,0.038054585,0.0,0.0,0.0,0.0,0.0,0.0,0.0,-0.033913344,0.0,0.0,0.009037793,0.0,0.0,0.0,0.018994212,0.0,-0.022280075,0.0,0.0,0.035580546,0.0,0.0,-0.02652441,0.00884518,0.031097531,0.0,-0.020606741,0.01910749,-0.012921557,0.0,0.0,0.0,0.0,0.009231925,0.0,-0.012730509,0.0,0.029580027,0.0,0.0,0.0,0.029691815,-0.009001881,-0.024329603,0.021991655,-0.010132104,0.0,-0.005669713,-0.0063761473,-0.016401082,0.0,0.002615869,0.044520512,0.0,0.0066204816,0.0376634
GKR3BB@A@T25L,-0.055365458,0.0,0.018535048,0.029870212,0.0,-0.03077805,0.0,-0.009344876,0.0,0.0,0.0,0.0,0.013803884,0.0,0.0,0.05019085,0.0,0.0,0.009249717,0.0,0.0,0.0,-0.0018977821,0.0,0.0073281676,0.0,0.0,0.017902374,0.0,0.0,0.031178758,0.0077884495,-0.044175953,0.0,0.047135673,-0.03442672,0.025667593,0.0,0.0,0.0,0.0,0.027264297,0.0,0.040402897,0.0,0.0027252585,0.0,0.0,0.0,-0.043255612,-0.013683915,0.052932188,-0.04397218,0.015987791,0.0072273016,-0.017443314,0.040794015,0.0287904,0.0,-0.022804141,-0.05657457,0.0,0.023499578,-0.05856982
GKR3BB@A@V124H,-0.1286938,0.0,0.050726816,0.068707034,0.0,-0.008954525,0.0,-0.009344876,0.0,0.0,0.0,0.0,0.029954545,0.12361926,0.0,0.15056734,0.0078808665,0.0,-0.04032916,0.0,0.0,0.0,-0.069006234,0.0,0.066298485,0.0,0.0,-0.17805755,0.0,0.0,0.10432123,-0.072155654,-0.112862736,0.0,0.11113352,-0.03894171,0.021092802,0.0,0.0,0.0,0.0,-0.043952823,0.0,0.098889716,0.0,-0.029577002,0.0,0.0,0.0,-0.13289513,-0.04849702,0.13099326,-0.11727016,0.039313138,0.0,-0.05240412,-0.0032041073,0.087631136,0.0,0.027036011,-0.20959829,0.0,-0.042359576,-0.21346453
GKR3BB@A@V13D,-0.030948147,0.00024244189,0.011106864,0.049813733,0.0,-0.11229524,0.0,-0.009344876,0.0,0.0,0.0,0.0,0.0,0.0,0.0,0.07065593,0.0,0.0,0.0074941516,0.0,0.0,0.0,-0.044083774,0.0,-0.004149899,0.0,0.0,-0.014311671,0.0,0.0,0.06366664,0.004889995,-0.0684419,0.0,0.06818809,-0.15799749,0.029263467,0.0,0.0,0.0,0.0,0.025245488,0.0,0.01576671,0.0,-0.029577002,0.0,0.0,0.0,-0.099470004,-0.00789088,0.05130835,-0.056792855,0.020886496,0.0,-0.006916702,0.15377483,0.028575152,0.0,-0.122214586,-0.14673728,0.0,0.005703911,-0.08864641
GKR3BB@A@V13I,-0.0068041384,0.0,0.004371695,0.030546278,0.0,-0.034318402,0.0,-0.009344876,0.0,0.0,0.0,0.0,0.0,0.0,0.0,0.03039743,0.0,0.0,-0.0006365776,0.0,0.0,0.0,-0.008914202,0.0,0.007031679,0.0,0.0,-0.008967161,0.0,0.0,0.029866755,-0.004310429,-0.040591866,0.0,0.026106559,-0.05848065,0.010784239,0.0,0.0,0.0,0.0,0.0046910644,0.0,0.0065060854,0.0,-0.029577002,0.0,0.0,0.0,-0.031401023,0.0012266636,0.05232373,-0.023764968,0.012198485,0.0,0.0053502023,0.07129562,0.010430038,0.0,-0.048916698,-0.052793503,0.0,0.0025101006,-0.030190766
GKR3BB@A@V182I,0.0004556477,0.0,0.002389975,0.0026066452,0.0,0.0032577217,0.0,0.001865983,0.0,0.0,0.0,0.0,0.0,0.0,0.0,0.0054890066,0.0,0.0,-0.0068547726,0.0,0.0,0.0,0.007427126,0.0,0.0046221465,0.0,0.0,0.001106739,0.0,0.0,0.00598076,-0.0061023533,-0.007848918,0.0,0.004959032,0.008139998,0.002088666,0.0,0.0,0.0,0.0,-0.007155478,0.0,0.0031737387,0.0,0.00048802793,0.0,0.0,0.0,0.0023217052,0.00012347102,0.013856113,-0.0050697774,0.003614001,0.0,0.0047098696,-0.006806135,0.0018591136,0.0,0.0036101341,0.00216493,0.0,-0.010173023,-0.002788514
GKR3BB@A@Y164N,-0.0089530945,0.0,0.025301874,0.028456777,0.0,-0.07453026,0.0,-0.009344876,0.0,0.0,0.0,0.0,0.015427336,0.0,0.0,0.083350375,0.00014841557,0.0,0.011512607,0.0,0.0,0.0,-0.0258134,0.0,0.02008079,0.0,0.0,0.0146817565,0.0,0.0,0.066619754,0.013048202,-0.023100227,0.0,0.07348826,-0.101367265,0.040728047,0.0,0.0,0.0,0.0,0.03766328,0.0,0.05158011,0.0,-0.029577002,0.0,0.0,0.0,-0.07866853,-0.008826226,0.11359547,-0.051362544,0.028120108,0.0,0.0011600554,0.08851743,0.052110508,0.0,-0.07555723,-0.10997026,0.0,0.020329699,-0.088590294
GKR3BB@A@Y27N,0.034157217,0.0,-0.022754215,-0.017041937,0.0,-0.007010877,0.0,0.007899612,0.0,0.0,0.0,0.0,0.0,0.0,0.0,-0.040067002,0.0,0.0,0.009598106,0.0,0.0,0.0,-0.0045830607,0.0,-0.0154007375,0.0,0.0,0.023934722,0.0,0.0,-0.022459403,-1.3977289e-05,0.035658836,0.0,-0.040827975,-0.01365,-0.009869948,0.0,0.0,0.0,0.0,0.0021157265,0.0,-0.04945554,0.0,0.015240297,0.0,0.0,0.0,0.01787968,0.0023653507,-0.07030982,0.0130055845,-0.012584247,0.0,0.0020948648,-0.02380693,-0.031272933,0.010907173,-0.009803295,0.023283526,0.0,-0.0057553053,0.052682847
GKR3BB@A@Y27W,-0.030419886,0.0,0.0062819496,0.008085579,0.0,-0.032736734,0.0,-0.008072495,0.0,0.0,0.0,0.0,0.0,0.0,0.0,0.0013836026,0.0,0.0,0.01976204,0.0,0.0,0.0,-0.013951868,0.0,-0.005668327,0.0,0.0,0.04195738,0.0,0.0,-0.011754155,0.03003025,0.040910333,0.0,0.009163156,-0.021697462,0.010512531,0.0,0.0,0.0,0.0,0.035197318,0.0,0.02729483,0.0,0.013930604,0.0,0.0,0.0,0.003981933,-0.0115302205,0.008760095,-4.698336e-05,-0.0050970092,0.0,-0.020553038,0.03455478,0.018625244,0.0,-0.037254095,0.013800696,0.0,0.009247795,-0.0052603483
GKR3BB@A@Y87P,-0.023360461,0.0,0.008780636,0.026647896,0.0,-0.06810179,0.0,-0.009344876,0.0,0.0,0.0,0.0,0.0,0.0,0.0,0.044664025,0.0,0.0,-1.5676022e-05,0.0,0.0,0.0,-0.034930497,0.0,0.019835241,0.0,0.0,-0.01134491,0.0,0.0,0.048705757,0.0045011938,-0.052488536,0.0,0.03740745,-0.10244861,0.029608905,0.0,0.0,0.0,0.0,0.012848496,0.0,0.010785788,0.0,-0.029577002,0.0,0.0,0.0,-0.06296786,-0.006024897,0.052263916,-0.03728324,0.01727017,0.0,0.0049346983,0.10185593,0.024028465,0.0,-0.0690248,-0.100812525,0.0,0.0032154918,-0.051531047
