alpha_diff,alpha_first,alpha_second,aromatic_diff,aromatic_first,aromatic_second,beta_diff,beta_first,beta_second,branched_diff,branched_first,branched_second,bulkiness_diff,bulkiness_first,bulkiness_second,cart_cart_bonded,cart_ddg,cart_dslf_fa13,cart_fa_atr,cart_fa_dun_dev,cart_fa_dun_rot,cart_fa_dun_semi,cart_fa_elec,cart_fa_intra_atr_xover4,cart_fa_intra_elec,cart_fa_intra_rep_xover4,cart_fa_intra_sol_xover4,cart_fa_rep,cart_fa_sol,cart_hbond_bb_sc,cart_hbond_lr_bb,cart_hbond_sc,cart_hbond_sr_bb,cart_hxl_tors,cart_lk_ball,cart_lk_ball_bridge,cart_lk_ball_bridge_uncpl,cart_lk_ball_iso,cart_omega,cart_p_aa_pp,cart_rama_prepro,cart_ref,charge_diff,charge_first,charge_second,coil_diff,coil_first,coil_second,consensus_hydrophobicity_diff,consensus_hydrophobicity_first,consensus_hydrophobicity_second,dapp_charge,dasa_hph,dasa_hyd,dasa_vdw,dcoeff_280,dcoeff_fric,ddebye,ddipole_moment,deccen,dg_o_w_diff,dg_o_w_first,dg_o_w_second,dhelicity,dhenry,dhyd_moment,dmobility,dnet_charge,dpi_3d,dpi_seq,dr_gyr,dr_solv,dsed_const,dvolume,dzdipole,dzeta,dzquadrupole,flexibility_diff,flexibility_first,flexibility_second,fractionburied,hydrophobicarea,hydrophobicity_diff,hydrophobicity_first,hydrophobicity_second,hydrophobicratio,logd_diff,logd_first,logd_second,mol_wt_diff,mol_wt_first,mol_wt_second,mutability_diff,mutability_first,mutability_second,pi_diff,pi_first,pi_second,polarity2_diff,polarity2_first,polarity2_second,polarity_diff,polarity_first,polarity_second,totalarea,vdw_vol_diff,vdw_vol_first,vdw_vol_second
-0.33,1.39,1.06,1,0,1,0.55,0.75,1.3,0,0,0,10.17,11.5,21.67,4.173,6.07433333333,0,-15.8706666667,1.81266666667,2.28933333333,4.39966666667,2.34766666667,-1.763,-0.513666666667,0.611,0.775333333333,7.37733333333,3.08266666667,0.527,0.0,-1.28733333333,-0.382,0.642333333333,-0.849,0.0676666666667,0.264666666667,-1.57266666667,0.0136666666667,-0.0633333333333,0.139333333333,-0.148,0,0,0,-0.01,0.8,0.79,0.19,0.62,0.81,0.012893652,-23.345596,46.771832,21.765713,5500,4.08e-14,0,4.5755529,0.003788303,2.9,0.87,3.77,0.0,5.18e-06,12.475116,0.059409197,0.015825583,0.029296875,0.0,0.015208755,0.024328645,1.02e-15,106.75,-6.06e-16,0.11457489,0.011196032,-0.05,0.36,0.31,0.964901,99.031,-0.11,0.38,0.27,0.418066,1.94,-1.52,0.42,115,89,204,-82,100,18,-0.22,6.11,5.89,-2.7,8.1,5.4,2.1,0.0,2.1,236.879,61.1,13.7,74.8
0.22,0.89,1.11,0,0,0,0.28,0.55,0.83,0,0,0,4.03,11.68,15.71,-0.845333333333,3.44966666667,0,-0.764333333333,0.473666666667,1.865,-2.653,7.09533333333,0.021,0.921333333333,0.0103333333333,-0.87,-0.359333333333,-7.03633333333,1.60566666667,-0.106666666667,2.12866666667,0.0,0.191,-4.20166666667,0.155,0.929666666667,2.37466666667,-0.149,0.930333333333,0.872333333333,0.861,2,-1,1,-0.33,1.33,1.0,-0.6,-0.9,-1.5,0.90296125,-31.050707,-17.414616,-55.189873,0,3.48e-15,0,-21.505936,-0.000173871,0.98,0.66,1.64,0.0,4.42e-07,0.067385755,3.8738923,1.109866,0.38085938,0.92285156,-0.022147173,0.002075735,1.34e-16,41.125,-7.26e-16,7.468648,-0.10624018,-0.04,0.51,0.47,0.813487,59.081,-0.12,0.15,0.03,0.210992,-0.22,-2.6,-2.82,13,133,146,-50,106,56,6.82,2.77,9.59,-1.7,13.0,11.3,-0.2,49.7,49.5,280.015,31.5,30.0,61.5
0.43,0.89,1.32,0,0,0,0.55,0.55,1.1,1,0,1,9.72,11.68,21.4,0.395333333333,-5.83466666667,0,-3.80133333333,0.035,1.716,-1.316,1.13333333333,-0.228666666667,1.25533333333,0.0743333333333,-0.466666666667,0.538,-9.20133333333,-0.174666666667,0.08,0.257,0.0,0.0273333333333,-1.61866666667,0.006,0.106666666667,1.84933333333,-0.0663333333333,0.524,0.488,2.553,1,-1,0,-0.65,1.33,0.68,1.96,-0.9,1.06,0.55139828,-34.601807,-9.3424368,-46.542091,0,-2.64e-17,0,-14.268729,9.34e-05,1.51,0.66,2.17,0.0,-3.35e-09,6.1085191,2.3657064,0.67771262,0.24902344,0.39550781,-0.014800833,-1.57e-05,-2.13e-17,25.25,-1.09e-15,4.5609508,-0.37018433,-0.14,0.51,0.37,0.813487,59.081,0.3,0.15,0.45,0.210992,2.47,-2.6,-0.13,-2,133,131,-66,106,40,3.21,2.77,5.98,-8.1,13.0,4.9,-49.57,49.7,0.13,280.015,14.4,30.0,44.4
0.28,0.89,1.17,0,0,0,0.36,0.55,0.91,0,0,0,2.6,11.68,14.28,-0.912,-1.935,0,-5.61566666667,0.508333333333,2.05,-2.256,5.39133333333,-0.420666666667,1.48533333333,0.0373333333333,-0.417333333333,-0.114333333333,-4.34166666667,1.05066666667,-0.00299999999999,0.211666666667,0.0,0.078,-2.588,0.114,0.633333333333,0.676333333333,-0.059,0.614333333333,0.858333333333,1.083,2,-1,1,-0.42,1.33,0.91,-1.63,-0.9,-2.53,2.1040201,-32.182667,-25.678726,-60.541031,0,1.51e-15,0,-25.98922,-0.000151376,0.19,0.66,0.85,0.0,1.92e-07,-0.40405539,9.0267649,2.5859342,0.65917969,0.92285156,-0.026303936,0.000902367,4.58e-16,59.5,2.23e-15,17.403099,0.7925877,0.02,0.51,0.53,0.813487,59.081,-0.14,0.15,0.01,0.210992,-0.24,-2.6,-2.84,41,133,174,-41,106,65,8.38,2.77,11.15,-2.5,13.0,10.5,2.3,49.7,52.0,280.015,47.3,30.0,77.3
-0.07,0.89,0.82,0,0,0,0.3,0.55,0.85,0,0,0,-2.21,11.68,9.47,-0.235333333333,1.728,0,0.845333333333,-0.0346666666667,0.826333333333,-1.8,1.887,0.0923333333333,-0.491333333333,-0.005,-0.400333333333,-0.337666666667,-2.06033333333,0.374,0.0,-0.00233333333333,0.00666666666666,0.619333333333,-0.309,0.00666666666667,0.00866666666667,0.791333333333,0.0136666666667,0.091,0.246666666667,1.594,1,-1,0,-0.09,1.33,1.24,0.72,-0.9,-0.18,1.6158744,-15.27532,27.374683,5.7073298,0,3.05e-15,0,105.98349,-0.000775434,-0.59,0.66,0.07,0.0,3.87e-07,-14.601955,6.9344769,1.9850566,0.51269531,0.39550781,-0.003460997,0.001817406,-3.2e-16,-19.25,4.12e-15,13.369303,0.82592064,0.0,0.51,0.51,0.561373,44.733,0.07,0.15,0.22,0.218313,0.73,-2.6,-1.87,-28,133,105,14,106,120,2.91,2.77,5.68,-3.8,13.0,9.2,-48.03,49.7,1.67,204.903,-11.7,30.0,18.3
0.28,0.89,1.17,0,0,0,0.36,0.55,0.91,0,0,0,2.6,11.68,14.28,0.301,-0.513,0,-0.185,0.056,2.419,-4.553,2.922,-0.902,2.389,0.215,0.368,-0.398,-3.189,1.658,-0.01,0.008,-0.021,0.005,-1.777,-0.059,-0.422,1.422,-0.179,-0.883,-0.78,1.083,2,-1,1,-0.42,1.33,0.91,-1.63,-0.9,-2.53,2.5740759,47.229137,46.50161,92.991379,0,2.36e-13,0,152.18715,0.0140442,0.19,0.66,0.85,0.0,3e-05,-3.1071069,10.982322,3.1653428,0.92285156,0.92285156,0.034127049,0.14083162,-1.03e-15,68.375,2.11e-15,21.172747,1.3485087,0.02,0.51,0.53,0.612816,55.142,-0.14,0.15,0.01,0.243573,-0.24,-2.6,-2.84,41,133,174,-41,106,65,8.38,2.77,11.15,-2.5,13.0,10.5,2.3,49.7,52.0,226.388,47.3,30.0,77.3
0.28,0.89,1.17,0,0,0,0.36,0.55,0.91,0,0,0,2.6,11.68,14.28,0.024,1.962,0,0.0330000000001,-0.031,1.905,-2.255,3.004,-0.857,1.271,0.13,0.218,-0.149,-2.309,0.043,0.0,0.002,-0.091,0.001,-1.925,0.038,0.29,1.012,0.275,0.452,-0.203,1.083,2,-1,1,-0.42,1.33,0.91,-1.63,-0.9,-2.53,2.5716751,8.6295938,22.150785,24.513861,0,1.23e-13,0,78.884163,0.006239118,0.19,0.66,0.85,0.0,1.57e-05,-6.412271,11.00135,3.1615067,0.92285156,0.92285156,0.025326865,0.073435687,-3.1e-16,59.25,7.05e-15,21.2097,1.2878977,0.02,0.51,0.53,0.683904,39.95,-0.14,0.15,0.01,0.174484,-0.24,-2.6,-2.84,41,133,174,-41,106,65,8.38,2.77,11.15,-2.5,13.0,10.5,2.3,49.7,52.0,228.961,47.3,30.0,77.3
0.43,0.89,1.32,0,0,0,0.55,0.55,1.1,1,0,1,9.72,11.68,21.4,0.114,-1.617,0,-0.67,-0.155,0.275,-2.158,-0.015,-0.036,0.266,0.149,-0.625,-0.122,-0.822,-0.032,0.0,0.033,-0.047,0.0,0.128,-0.025,-0.319,0.285,0.045,-0.464,0.029,2.553,1,-1,0,-0.65,1.33,0.68,1.96,-0.9,1.06,1.6202027,-57.141266,112.48318,48.528717,0,6.79e-14,0,14.35593,-0.003174759,1.51,0.66,2.17,0.0,8.61e-06,-126.79214,6.9514542,1.9898887,0.51269531,0.39550781,0.031140231,0.040459331,-4.47e-16,49.125,7.64e-16,13.402019,0.89925456,-0.14,0.51,0.37,0.559064,29.54,0.3,0.15,0.45,0.152417,2.47,-2.6,-0.13,-2,133,131,-66,106,40,3.21,2.77,5.98,-8.1,13.0,4.9,-49.57,49.7,0.13,193.811,14.4,30.0,44.4
0.28,0.89,1.17,0,0,0,0.36,0.55,0.91,0,0,0,2.6,11.68,14.28,0.0573333333333,-0.683666666667,0,-0.64,-0.135666666667,1.479,-2.145,0.283,-0.461333333333,0.534,-0.0256666666667,-0.039,-0.279,0.618333333333,-0.215666666667,0.0,0.00666666666666,-0.0243333333333,0.004,-0.0363333333333,-0.026,-0.290333333333,-0.00400000000002,-0.00166666666667,-0.232333333333,-0.190333333333,1.083,2,-1,1,-0.42,1.33,0.91,-1.63,-0.9,-2.53,2.5787127,21.409117,38.194519,64.365326,0,8.88e-14,0,43.419998,-0.002387692,0.19,0.66,0.85,0.0,1.13e-05,13.608563,11.057155,3.1671512,0.92285156,0.92285156,0.056791954,0.052934818,-9.15e-17,65.0,2.2e-15,21.31752,1.6604531,0.02,0.51,0.53,0.559064,29.54,-0.14,0.15,0.01,0.152417,-0.24,-2.6,-2.84,41,133,174,-41,106,65,8.38,2.77,11.15,-2.5,13.0,10.5,2.3,49.7,52.0,193.811,47.3,30.0,77.3
0.28,0.89,1.17,0,0,0,0.36,0.55,0.91,0,0,0,2.6,11.68,14.28,0.293333333333,-4.02866666667,0,-5.03133333333,0.147,2.84,-4.95233333333,-2.346,-0.478,1.24333333333,0.145666666667,0.101333333333,0.292333333333,0.690333333333,0.063,-0.0566666666667,1.75533333333,0.0173333333333,-0.00466666666667,-0.0363333333333,-0.017,-0.165666666667,-0.182,0.014,0.302,0.255,1.083,2,-1,1,-0.42,1.33,0.91,-1.63,-0.9,-2.53,2.5774233,13.976837,5.6960721,1.1363962,0,3.15e-14,0,-97.517235,0.011920537,0.19,0.66,0.85,0.0,4e-06,4.4447556,11.064555,3.1665092,0.92285156,0.92285156,0.021176346,0.018796425,2.77e-16,61.75,2.86e-15,21.331907,1.5127946,0.02,0.51,0.53,0.783109,40.512,-0.14,0.15,0.01,0.15453,-0.24,-2.6,-2.84,41,133,174,-41,106,65,8.38,2.77,11.15,-2.5,13.0,10.5,2.3,49.7,52.0,262.163,47.3,30.0,77.3
-0.03,1.35,1.32,0,0,0,0.38,0.72,1.1,1,0,1,7.83,13.57,21.4,0.110666666667,0.513,0,-0.394,0.0513333333333,0.352666666667,-2.676,0.0643333333334,-0.282666666667,0.253,0.184,-0.354333333333,0.001,-0.985333333334,0.002,0.0,0.073,0.00500000000002,0.00133333333333,-0.0739999999999,0.00433333333333,-0.007,0.11,0.0356666666667,0.654,0.468333333333,2.916,1,-1,0,-0.18,0.86,0.68,1.8,-0.74,1.06,1.5882518,-64.65876,91.057068,20.271099,0,2.82e-14,0,-17.741613,0.000108994,1.5,0.67,2.17,0.0,3.58e-06,89.007034,6.8067517,1.9523375,0.48339844,0.39550781,0.004960979,0.016792603,-3.47e-16,10.75,9.49e-16,13.122972,0.79134589,-0.13,0.5,0.37,0.530478,30.103,0.27,0.18,0.45,0.142992,2.34,-2.47,-0.13,-16,147,131,-62,102,40,2.76,3.22,5.98,-7.4,12.3,4.9,-49.77,49.9,0.13,210.523,4.2,40.2,44.4
-0.18,1.35,1.17,0,0,0,0.19,0.72,0.91,0,0,0,0.71,13.57,14.28,0.0606666666666,-0.0386666666666,0,-0.328,0.0373333333333,1.66366666667,-2.68566666667,-0.00466666666659,-0.339666666667,0.266,0.0506666666667,-0.0693333333333,0.179,-0.0650000000001,-0.00466666666667,0.0,-0.00966666666667,0.000333333333344,-0.00033333333333,-0.013,0.002,0.0123333333333,0.0483333333333,0.00133333333333,-0.16,-0.125666666667,1.446,2,-1,1,0.05,0.86,0.91,-1.79,-0.74,-2.53,2.546751,-39.891403,33.649586,-14.574705,0,-1.9e-14,0,-0.25230774,0.002212833,0.18,0.67,0.85,0.0,-2.41e-06,-8.6323166,10.926413,3.130527,0.87890625,0.92285156,0.001470386,-0.011308124,4.45e-16,40.875,3.39e-15,21.065516,1.5146854,0.03,0.5,0.53,0.530478,30.103,-0.17,0.18,0.01,0.142992,-0.37,-2.47,-2.84,27,147,174,-37,102,65,7.93,3.22,11.15,-1.8,12.3,10.5,2.1,49.9,52.0,210.523,37.1,40.2,77.3
-0.03,1.35,1.32,0,0,0,0.38,0.72,1.1,1,0,1,7.83,13.57,21.4,-0.289333333333,0.686,0,-2.34533333333,-0.021,3.22066666667,-3.272,3.06466666667,-0.583,0.869666666667,0.451666666667,-0.146666666667,1.245,-6.388,0.00466666666667,0.0,1.76666666667,0.058,-0.002,-0.898333333333,-0.002,0.0973333333333,0.911333333333,-0.0496666666667,-0.111333333333,0.189,2.916,1,-1,0,-0.18,0.86,0.68,1.8,-0.74,1.06,1.5904202,39.333454,-17.146097,24.979116,0,5.61e-14,0,73.42894,0.009174132,1.5,0.67,2.17,1.0471205,7.11e-06,-57.094135,6.8221231,1.9542583,0.49804688,0.39550781,0.016521579,0.033417605,-5.26e-16,11.375,1.32e-15,13.152662,0.78949493,-0.13,0.5,0.37,0.760366,89.465,0.27,0.18,0.45,0.302103,2.34,-2.47,-0.13,-16,147,131,-62,102,40,2.76,3.22,5.98,-7.4,12.3,4.9,-49.77,49.9,0.13,296.141,4.2,40.2,44.4
-0.03,1.35,1.32,0,0,0,0.38,0.72,1.1,1,0,1,7.83,13.57,21.4,0.00399999999996,-1.151,0,-0.653,0.089,0.399,-3.028,-0.265,-0.261,0.822,0.189,-0.306,0.069,-2.009,-0.005,0.0,-0.005,0.041,0.000999999999998,0.113,0.03,0.277,0.323,-0.024,-0.067,0.199,2.916,1,-1,0,-0.18,0.86,0.68,1.8,-0.74,1.06,1.6127177,-74.827927,86.027481,10.87311,0,-1.62e-14,0,84.023605,0.003980373,1.5,0.67,2.17,0.0,-2.05e-06,-50.54945,6.9214058,1.9811448,0.51269531,0.39550781,0.008633908,-0.009651612,-6.23e-17,11.0,3.05e-15,13.344106,0.8014195,-0.13,0.5,0.37,0.54386,43.045,0.27,0.18,0.45,0.215708,2.34,-2.47,-0.13,-16,147,131,-62,102,40,2.76,3.22,5.98,-7.4,12.3,4.9,-49.77,49.9,0.13,199.552,4.2,40.2,44.4
-0.18,1.35,1.17,0,0,0,0.19,0.72,0.91,0,0,0,0.71,13.57,14.28,-0.122,0.074,0,-1.117,0.144,2.089,-3.023,-0.684,-0.338,0.955,0.033,-0.046,0.058,0.00199999999995,-0.002,0.0,-0.011,0.024,0.003,0.156,0.03,0.277,-0.063,-0.021,0.143,0.142,1.446,2,-1,1,0.05,0.86,0.91,-1.79,-0.74,-2.53,2.5964222,-1.3643149,2.7278361,3.5417092,0,8.7e-15,0,166.27873,0.01051787,0.18,0.67,0.85,0.0,1.1e-06,7.4627905,11.136936,3.1900072,0.9375,0.92285156,0.01646385,0.005185993,2.68e-16,42.5,6.32e-15,21.471371,1.5117073,0.03,0.5,0.53,0.54386,43.045,-0.17,0.18,0.01,0.215708,-0.37,-2.47,-2.84,27,147,174,-37,102,65,7.93,3.22,11.15,-1.8,12.3,10.5,2.1,49.9,52.0,199.552,37.1,40.2,77.3
-0.46,1.35,0.89,0,0,0,1.14,0.72,1.86,1,0,1,8.0,13.57,21.57,-0.757,0.379,0,-0.916,-0.01,2.289,-3.044,-0.63,-0.267,0.549,0.456,-0.295,0.521,-3.37,0.0,0.0,-0.061,0.19,0.002,0.409,0.03,0.274,0.299,-0.132,-0.198,0.372,4.669,1,-1,0,-0.22,0.86,0.64,1.82,-0.74,1.08,1.6128771,-80.185455,62.464462,-21.286751,0,-3.83e-14,0,81.679855,0.000530365,1.2,0.67,1.87,0.0,-4.86e-06,-52.903774,6.9254799,1.9811456,0.51269531,0.39550781,0.002177483,-0.022856556,-7.61e-17,-7.125,1.42e-15,13.351993,0.83917248,-0.11,0.5,0.39,0.54386,43.045,0.36,0.18,0.54,0.215708,1.86,-2.47,-0.61,-30,147,117,-28,102,74,2.74,3.22,5.96,-6.4,12.3,5.9,-49.77,49.9,0.13,199.552,-6.1,40.2,34.1
-0.18,1.35,1.17,0,0,0,0.19,0.72,0.91,0,0,0,0.71,13.57,14.28,-0.0283333333333,3.776,0,1.18533333333,0.0303333333333,2.49666666667,-3.48333333333,3.144,-0.110333333333,0.962,-0.100333333333,-0.550666666667,-0.197333333333,-2.94533333333,0.0,0.0,1.96733333333,-0.074,0.00133333333334,-1.715,0.00833333333333,0.0643333333333,1.44266666667,-0.0246666666667,0.131666666667,0.126333333333,1.446,2,-1,1,0.05,0.86,0.91,-1.79,-0.74,-2.53,2.5959911,88.537163,-20.400972,61.441032,0,1.42e-13,0,176.84062,0.001385607,0.18,0.67,0.85,0.0,1.81e-05,16.997648,11.090535,3.1905847,0.9375,0.92285156,0.03186607,0.084908992,-5.87e-16,44.25,1.69e-15,21.381506,1.9169412,0.03,0.5,0.53,0.59182,25.32,-0.17,0.18,0.01,0.105728,-0.37,-2.47,-2.84,27,147,174,-37,102,65,7.93,3.22,11.15,-1.8,12.3,10.5,2.1,49.9,52.0,239.483,37.1,40.2,77.3
-0.18,1.35,1.17,0,0,0,0.19,0.72,0.91,0,0,0,0.71,13.57,14.28,0.215333333333,0.227,0,0.132333333333,-0.299,1.987,-4.41,1.28866666667,-0.310333333333,2.70733333333,-0.005,-1.175,0.0293333333334,-2.524,-0.00133333333333,0.0,-0.741666666667,-0.008,0.0673333333333,0.441666666667,0.0686666666667,0.236333333333,0.926,0.000333333333344,0.109,0.0453333333333,1.446,2,-1,1,0.05,0.86,0.91,-1.79,-0.74,-2.53,2.594465,30.929047,-21.281889,18.029726,0,1.06e-13,0,189.23276,-0.008228377,0.18,0.67,0.85,0.0,1.35e-05,16.504942,11.096686,3.1874771,0.9375,0.92285156,0.028580071,0.063361727,-3.57e-16,38.5,6.8e-15,21.39348,1.8739481,0.03,0.5,0.53,0.61174,34.042,-0.17,0.18,0.01,0.140643,-0.37,-2.47,-2.84,27,147,174,-37,102,65,7.93,3.22,11.15,-1.8,12.3,10.5,2.1,49.9,52.0,242.046,37.1,40.2,77.3
-0.03,1.35,1.32,0,0,0,0.38,0.72,1.1,1,0,1,7.83,13.57,21.4,-0.981,1.98133333333,0,2.534,-0.237,0.162333333333,-3.63533333333,3.16266666667,-0.0506666666667,0.951,-0.0146666666667,-0.463,-0.652333333333,-4.151,0.000666666666671,0.0,1.62433333333,0.121666666667,-0.095,-1.134,0.0403333333333,0.329666666667,1.38433333333,-0.108666666667,-0.044,0.321333333333,2.916,1,-1,0,-0.18,0.86,0.68,1.8,-0.74,1.06,0.96429062,-60.904659,80.048424,19.107758,0,-1.02e-14,0,88.631447,0.001132048,1.5,0.67,2.17,0.0,-1.3e-06,6.8000841,4.138226,1.1859833,0.67382812,0.39550781,0.0055169,-0.006089114,-1.01e-16,13.75,-1.35e-15,7.9782801,-0.76935285,-0.13,0.5,0.37,0.716089,44.451,0.27,0.18,0.45,0.157513,2.34,-2.47,-0.13,-16,147,131,-62,102,40,2.76,3.22,5.98,-7.4,12.3,4.9,-49.77,49.9,0.13,282.206,4.2,40.2,44.4
-0.03,1.35,1.32,0,0,0,0.38,0.72,1.1,1,0,1,7.83,13.57,21.4,-0.0363333333333,0.058,0,0.680333333333,0.142333333333,0.512333333333,-3.45333333333,3.78133333333,-0.195,0.312333333333,0.380666666667,-0.559,0.028,-6.265,-0.009,0.0,1.113,-0.0196666666667,0.0,-1.21266666667,0.0353333333333,0.214,1.55866666667,-0.0523333333333,-0.006,0.193666666667,2.916,1,-1,0,-0.18,0.86,0.68,1.8,-0.74,1.06,1.6158606,-42.038177,64.227348,24.524582,0,3.94e-14,0,-14.379648,-0.003117433,1.5,0.67,2.17,0.0,4.99e-06,101.86004,6.9332619,1.9852294,0.51269531,0.39550781,0.011569001,0.023456063,-4.19e-16,16.125,1.31e-15,13.36695,0.85328144,-0.13,0.5,0.37,0.679613,46.139,0.27,0.18,0.45,0.181017,2.34,-2.47,-0.13,-16,147,131,-62,102,40,2.76,3.22,5.98,-7.4,12.3,4.9,-49.77,49.9,0.13,254.887,4.2,40.2,44.4
-0.46,1.35,0.89,0,0,0,1.14,0.72,1.86,1,0,1,8.0,13.57,21.57,0.110333333333,0.253333333333,0,1.531,0.1,-0.149666666667,-3.33066666667,4.08933333333,0.162,0.397666666667,0.0363333333333,-0.755666666667,-0.493666666667,-6.978,-0.211,0.0,0.721666666667,-0.142333333333,-0.000666666666667,-1.377,0.009,0.0236666666667,1.501,-0.0883333333333,0.0103333333333,0.42,4.669,1,-1,0,-0.22,0.86,0.64,1.82,-0.74,1.08,1.6172076,-46.738213,53.809628,3.8343749,0,-2e-17,0,-19.250879,-0.000417778,1.2,0.67,1.87,0.0,-2.53e-09,106.5082,6.9451857,1.9864142,0.51269531,0.39550781,0.003486158,-1.19e-05,-3.22e-16,-1.0,-2.91e-16,13.389995,0.85520571,-0.11,0.5,0.39,0.679613,46.139,0.36,0.18,0.54,0.181017,1.86,-2.47,-0.61,-30,147,117,-28,102,74,2.74,3.22,5.96,-6.4,12.3,5.9,-49.77,49.9,0.13,254.887,-6.1,40.2,34.1
-0.03,1.35,1.32,0,0,0,0.38,0.72,1.1,1,0,1,7.83,13.57,21.4,-0.105333333333,2.16266666667,0,0.609,0.0703333333333,0.279,-3.745,6.49533333333,-0.274333333333,0.732666666667,0.189666666667,-0.304333333333,0.173,-7.726,0.0,0.0,2.973,0.101666666667,0.00033333333333,-2.86333333333,0.081,0.546666666667,1.93533333333,-0.145,0.034,0.189666666667,2.916,1,-1,0,-0.18,0.86,0.68,1.8,-0.74,1.06,1.6175694,-76.004044,84.074646,17.69804,0,5.94e-15,0,-36.546139,-0.000874819,1.5,0.67,2.17,-1.0471205,7.54e-07,82.947716,6.9381499,1.9882573,0.51269531,0.39550781,0.003540373,0.003540462,-2.04e-16,-2.375,4.76e-16,13.37635,0.79479557,-0.13,0.5,0.37,0.678159,63.301,0.27,0.18,0.45,0.233749,2.34,-2.47,-0.13,-16,147,131,-62,102,40,2.76,3.22,5.98,-7.4,12.3,4.9,-49.77,49.9,0.13,270.807,4.2,40.2,44.4
-0.46,1.35,0.89,0,0,0,1.14,0.72,1.86,1,0,1,8.0,13.57,21.57,-0.386,2.247,0,1.005,0.232666666667,0.266,-3.746,6.23166666667,0.059,0.248333333333,0.178333333333,-0.441666666667,0.37,-9.02233333333,0.0,0.0,2.91133333333,0.046,-0.003,-2.72766666667,0.045,0.235666666667,2.09166666667,0.0116666666667,-0.181666666667,0.154,4.669,1,-1,0,-0.22,0.86,0.64,1.82,-0.74,1.08,1.6165578,-27.313364,40.988895,16.633165,0,-4.06e-15,0,-42.430099,0.001338655,1.2,0.67,1.87,0.0,-5.16e-07,86.70919,6.9353709,1.987208,0.51269531,0.39550781,-0.003639214,-0.002422997,-2.96e-16,-15.75,6.36e-16,13.371008,0.80507231,-0.11,0.5,0.39,0.678159,63.301,0.36,0.18,0.54,0.233749,1.86,-2.47,-0.61,-30,147,117,-28,102,74,2.74,3.22,5.96,-6.4,12.3,5.9,-49.77,49.9,0.13,270.807,-6.1,40.2,34.1
-0.4,1.35,0.95,1,0,1,0.78,0.72,1.5,0,0,0,4.46,13.57,18.03,0.110666666667,2.825,0,-1.69033333333,0.0,0.026,-1.32666666667,5.76366666667,-0.406666666667,0.277666666667,0.004,-0.123666666667,0.628333333333,-7.00033333333,0.0,0.0,2.95766666667,0.000666666666675,0.00166666666667,-2.66666666667,0.032,0.352333333333,1.36766666667,0.0396666666667,0.277,0.184666666667,4.015,1,-1,0,-0.08,0.86,0.78,1.0,-0.74,0.26,1.6179192,-33.553841,25.101059,2.0806816,1490,-2.2e-14,0,-27.832573,-8.56e-05,2.0,0.67,2.67,0.0,-2.79e-06,25.980051,6.9440136,1.9885806,0.51269531,0.39550781,-0.001706637,-0.013113881,5.31e-16,33.625,3.55e-15,13.387695,0.85077256,-0.08,0.5,0.42,0.678159,63.301,-0.03,0.18,0.15,0.233749,1.6,-2.47,-0.87,34,147,181,-61,102,41,2.44,3.22,5.66,-6.1,12.3,6.2,-48.29,49.9,1.61,270.807,18.9,40.2,59.1
-0.34,1.35,1.01,1,0,1,0.71,0.72,1.43,0,0,0,6.23,13.57,19.8,0.652333333333,6.895,0,-2.10366666667,0.354,0.871666666667,-0.207,4.88766666667,-0.256666666667,0.048,0.228666666667,-1.00466666667,1.85266666667,-5.79766666667,1.489,0.0,0.468,0.0606666666667,-0.0613333333333,0.433333333333,0.108666666667,0.879666666667,0.147666666667,0.128666666667,0.0543333333333,-0.113666666667,3.775,1,-1,0,-0.1,0.86,0.76,1.93,-0.74,1.19,1.0582631,27.429113,-64.420151,-22.163374,0,-1.77e-14,0,-16.852777,0.002798551,2.2,0.67,2.87,0.0,-2.25e-06,-47.351669,4.5398097,1.3013867,0.55664062,0.39550781,-0.006830194,-0.010553249,3.26e-16,38.25,-9.95e-17,8.7524958,-0.26047111,-0.19,0.5,0.31,0.829458,101.844,0.32,0.18,0.5,0.301741,2.43,-2.47,-0.04,18,147,165,-61,102,41,2.26,3.22,5.48,-7.1,12.3,5.2,-49.55,49.9,0.35,337.521,15.9,40.2,56.1
-0.03,1.35,1.32,0,0,0,0.38,0.72,1.1,1,0,1,7.83,13.57,21.4,1.061,-4.72933333333,0,-5.67466666667,0.140333333333,1.153,-1.578,-6.075,-0.596666666667,0.134,0.166666666667,0.335333333333,0.125666666667,6.24666666667,-1.87766666667,0.0,-1.22966666667,-0.116333333333,0.00166666666667,3.55033333333,-0.0723333333333,-0.463666666667,-3.148,0.130333333333,-0.122,0.263,2.916,1,-1,0,-0.18,0.86,0.68,1.8,-0.74,1.06,1.6167173,-18.9844,72.085846,47.679478,0,6.14e-14,0,-42.504963,0.001100518,1.5,0.67,2.17,0.0,7.8e-06,-56.993664,6.9355822,1.9876913,0.51269531,0.39550781,0.005125901,0.036626335,-5.61e-16,11.875,2.46e-15,13.37141,0.80122817,-0.13,0.5,0.37,0.67557,53.173,0.27,0.18,0.45,0.207442,2.34,-2.47,-0.13,-16,147,131,-62,102,40,2.76,3.22,5.98,-7.4,12.3,4.9,-49.77,49.9,0.13,256.327,4.2,40.2,44.4
-0.18,1.35,1.17,0,0,0,0.19,0.72,0.91,0,0,0,0.71,13.57,14.28,0.393,-4.677,0,-4.12433333333,-0.0943333333333,1.752,-1.24866666667,-7.31166666667,-1.07466666667,0.28,0.213666666667,1.03866666667,-0.592666666667,7.894,-2.37633333333,0.0,-0.916,0.0596666666667,-0.00533333333333,3.71166666667,-0.111333333333,-0.636,-3.17766666667,0.483666666667,0.0286666666667,-0.309666666667,1.446,2,-1,1,0.05,0.86,0.91,-1.79,-0.74,-2.53,2.5765004,44.467319,-3.6706986,48.825268,0,1.74e-13,0,-48.672585,-0.00014576,0.18,0.67,0.85,0.0,2.21e-05,3.9157012,11.022028,3.1695108,0.92285156,0.92285156,0.011087696,0.10374197,-7.93e-16,42.75,1.59e-15,21.249565,1.317987,0.03,0.5,0.53,0.67557,53.173,-0.17,0.18,0.01,0.207442,-0.37,-2.47,-2.84,27,147,174,-37,102,65,7.93,3.22,11.15,-1.8,12.3,10.5,2.1,49.9,52.0,256.327,37.1,40.2,77.3
-0.46,1.35,0.89,0,0,0,1.14,0.72,1.86,1,0,1,8.0,13.57,21.57,1.19233333333,-5.77233333333,0,-4.93366666667,0.228333333333,0.480666666667,-1.644,-5.59866666667,-0.274666666667,-0.0106666666667,0.181,0.245,0.185666666667,3.696,-1.86466666667,0.0,-0.885333333333,-0.172,-0.00566666666667,3.20733333333,-0.11,-0.772,-2.645,0.275333333333,-0.851666666667,-0.365333333333,4.669,1,-1,0,-0.22,0.86,0.64,1.82,-0.74,1.08,1.6182698,-24.992615,72.043427,44.034092,0,1.11e-15,0,-45.739128,0.000496973,1.2,0.67,1.87,0.0,1.41e-07,-58.676407,6.951663,1.9892308,0.51269531,0.39550781,-0.000144807,0.000662334,-3.3e-16,-7.625,1.52e-15,13.402499,0.85879225,-0.11,0.5,0.39,0.67557,53.173,0.36,0.18,0.54,0.207442,1.86,-2.47,-0.61,-30,147,117,-28,102,74,2.74,3.22,5.96,-6.4,12.3,5.9,-49.77,49.9,0.13,256.327,-6.1,40.2,34.1
-0.46,1.35,0.89,0,0,0,1.14,0.72,1.86,1,0,1,8.0,13.57,21.57,0.714666666667,-2.91433333333,0,-0.692666666667,-0.267,-1.63533333333,-3.47666666667,2.469,0.644,0.320666666667,0.00966666666666,-1.29366666667,0.548333333333,-5.39,-0.703666666667,0.0,0.775,0.0806666666666,-0.017,0.877,0.004,0.119333333333,0.567,0.056,-0.642666666667,-0.65,4.669,1,-1,0,-0.22,0.86,0.64,1.82,-0.74,1.08,0.7171061,-18.597116,22.260414,13.350698,0,1.44e-14,0,-32.129841,-7.26e-05,1.2,0.67,1.87,0.0,1.83e-06,-32.321819,3.0813179,0.88156176,0.36621094,0.39550781,-6.63e-05,0.008607161,-4.15e-16,-2.875,-6.38e-16,5.9406519,-0.40685299,-0.11,0.5,0.39,0.819911,105.501,0.36,0.18,0.54,0.336215,1.86,-2.47,-0.61,-30,147,117,-28,102,74,2.74,3.22,5.96,-6.4,12.3,5.9,-49.77,49.9,0.13,313.79,-6.1,40.2,34.1
-0.03,1.35,1.32,0,0,0,0.38,0.72,1.1,1,0,1,7.83,13.57,21.4,0.102,-0.303,0,-0.248,-0.11,0.928,-3.965,2.019,-0.4,0.739,0.21,-0.456,0.45,-5.085,-0.014,0.007,2.077,-0.069,0.024,-0.842,0.034,0.009,1.136,-0.059,0.014,0.279,2.916,1,-1,0,-0.18,0.86,0.68,1.8,-0.74,1.06,1.6201085,-81.016983,57.123638,-42.787762,0,9.54e-17,0,0.10718686,0.000124204,1.5,0.67,2.17,0.0,1.21e-08,-91.261681,6.9737606,1.9888016,0.51269531,0.39550781,0.013496522,5.69e-05,-1.67e-16,0.0,3.04e-15,13.445231,1.0027237,-0.13,0.5,0.37,0.666621,50.641,0.27,0.18,0.45,0.194972,2.34,-2.47,-0.13,-16,147,131,-62,102,40,2.76,3.22,5.98,-7.4,12.3,4.9,-49.77,49.9,0.13,259.735,4.2,40.2,44.4
-0.46,1.35,0.89,0,0,0,1.14,0.72,1.86,1,0,1,8.0,13.57,21.57,0.227,0.439,0,0.527,-0.151,0.094,-3.93,1.864,-0.041,0.43,0.293,-0.63,0.647,-6.312,-0.011,0.007,2.101,-0.062,0.024,-0.836,0.039,0.031,1.22,-0.072,0.000999999999998,0.31,4.669,1,-1,0,-0.22,0.86,0.64,1.82,-0.74,1.08,1.6217765,-82.628311,41.923798,-54.404068,0,-3.77e-14,0,-0.7351473,0.00030178,1.2,0.67,1.87,0.0,-4.77e-06,-95.455605,6.9868999,1.9906693,0.51269531,0.39550781,-0.002602726,-0.022469798,-7.97e-17,-24.25,1.12e-16,13.470617,1.0024596,-0.11,0.5,0.39,0.666621,50.641,0.36,0.18,0.54,0.194972,1.86,-2.47,-0.61,-30,147,117,-28,102,74,2.74,3.22,5.96,-6.4,12.3,5.9,-49.77,49.9,0.13,259.735,-6.1,40.2,34.1
-0.4,1.35,0.95,1,0,1,0.78,0.72,1.5,0,0,0,4.46,13.57,18.03,-0.026,-0.701666666667,0,-2.73666666667,-0.077,-0.00633333333332,-1.993,1.85433333333,-0.742333333333,0.331333333333,0.06,-0.272333333333,0.71,-4.23533333333,-0.0136666666667,-0.000666666666667,2.069,-0.114,0.034,-0.614666666667,0.0296666666667,-0.0203333333333,0.448666666667,0.189333333333,-0.104666666667,0.514333333333,4.015,1,-1,0,-0.08,0.86,0.78,1.0,-0.74,0.26,1.6184392,-28.026033,45.386559,23.927807,1490,1.7e-13,0,-9.6443825,0.009562835,2.0,0.67,2.67,0.0,2.16e-05,-29.407703,6.9399757,1.9880376,0.51269531,0.39550781,0.041331153,0.1014164,-7.05e-16,40.75,2.79e-15,13.379854,0.85108292,-0.08,0.5,0.42,0.666621,50.641,-0.03,0.18,0.15,0.194972,1.6,-2.47,-0.87,34,147,181,-61,102,41,2.44,3.22,5.66,-6.1,12.3,6.2,-48.29,49.9,1.61,259.735,18.9,40.2,59.1
-0.24,1.35,1.11,0,0,0,0.11,0.72,0.83,0,0,0,2.14,13.57,15.71,-0.444666666667,1.22033333333,0,0.569333333333,0.117666666667,0.860666666667,-4.46933333333,4.30233333333,-0.346333333333,0.394,0.008,0.107333333333,-0.148,-1.14833333333,1.00733333333,-0.00333333333333,1.11033333333,0.0216666666667,-0.0576666666667,-1.80133333333,-0.0443333333333,-0.534,0.578666666667,-0.096,0.125666666667,-0.112,1.224,2,-1,1,0.14,0.86,1.0,-0.76,-0.74,-1.5,2.564451,11.228801,56.23954,66.090118,0,4.99e-14,0,102.11361,-0.004762802,0.97,0.67,1.64,1.5706806,6.34e-06,5.3441892,10.988839,3.1514692,0.92285156,0.92285156,0.00199502,0.029752672,-3.08e-16,26.875,3.65e-15,21.185749,1.5646803,-0.03,0.5,0.47,0.699793,36.855,-0.15,0.18,0.03,0.136576,-0.35,-2.47,-2.82,-1,147,146,-46,102,56,6.37,3.22,9.59,-1.0,12.3,11.3,-0.4,49.9,49.5,269.849,21.3,40.2,61.5
-0.03,1.35,1.32,0,0,0,0.38,0.72,1.1,1,0,1,7.83,13.57,21.4,-0.0966666666666,-1.80466666667,0,0.118666666667,0.421,-0.0446666666667,-5.58366666667,4.209,-0.371,0.325,0.136666666667,-0.197333333333,0.077,-3.70266666667,1.23,-0.0343333333333,1.09266666667,0.014,0.0486666666667,-1.526,-0.0543333333333,-0.625333333333,0.572,-0.0783333333333,-0.402333333333,-0.247666666667,2.916,1,-1,0,-0.18,0.86,0.68,1.8,-0.74,1.06,1.6220889,-17.542934,47.790649,26.993128,0,1.69e-14,0,43.486637,-0.003131622,1.5,0.67,2.17,0.0,2.14e-06,-76.566956,6.9565558,1.9930626,0.52734375,0.39550781,0.000923777,0.010060865,-2.74e-16,10.875,3.14e-15,13.411827,0.90565634,-0.13,0.5,0.37,0.699793,36.855,0.27,0.18,0.45,0.136576,2.34,-2.47,-0.13,-16,147,131,-62,102,40,2.76,3.22,5.98,-7.4,12.3,4.9,-49.77,49.9,0.13,269.849,4.2,40.2,44.4
-0.18,1.35,1.17,0,0,0,0.19,0.72,0.91,0,0,0,0.71,13.57,14.28,-0.602,0.274666666667,0,1.15933333333,0.0563333333333,1.40333333333,-4.647,5.194,-1.177,-0.057,0.101666666667,0.939,-0.73,-2.091,1.443,-0.0336666666667,0.640666666667,-0.0963333333333,-0.0686666666667,-2.81766666667,-0.0296666666667,-0.379333333333,0.784333333333,-0.043,-0.0366666666667,-0.0833333333333,1.446,2,-1,1,0.05,0.86,0.91,-1.79,-0.74,-2.53,2.603765,99.600662,12.409298,117.36752,0,1.12e-13,0,113.63571,-0.007793957,0.18,0.67,0.85,1.5706806,1.42e-05,9.9301968,11.140265,3.2004986,0.95214844,0.92285156,0.010092415,0.066735514,-3.94e-16,44.25,2.73e-15,21.477531,1.5864425,0.03,0.5,0.53,0.699793,36.855,-0.17,0.18,0.01,0.136576,-0.37,-2.47,-2.84,27,147,174,-37,102,65,7.93,3.22,11.15,-1.8,12.3,10.5,2.1,49.9,52.0,269.849,37.1,40.2,77.3
-0.03,1.35,1.32,0,0,0,0.38,0.72,1.1,1,0,1,7.83,13.57,21.4,0.0153333333334,-1.743,0,-0.844,0.0753333333333,0.276333333333,-3.01066666667,0.200666666667,-0.269,0.82,0.198666666667,-0.295333333333,0.188,-2.78433333333,0.00366666666667,0.0,0.0,0.0473333333333,-0.00066666666666,0.000666666666632,0.003,0.019,0.436333333333,-0.0266666666667,0.011,0.279,2.916,1,-1,0,-0.18,0.86,0.68,1.8,-0.74,1.06,1.6190456,-57.928623,78.197372,8.9114113,0,2.1e-14,0,-68.606728,0.001178643,1.5,0.67,2.17,0.52356023,2.67e-06,39.227436,6.945848,1.9895759,0.51269531,0.39550781,-0.000157381,0.012545647,-3.01e-16,15.5,1.73e-15,13.391205,0.85960925,-0.13,0.5,0.37,0.615061,66.114,0.27,0.18,0.45,0.29079,2.34,-2.47,-0.13,-16,147,131,-62,102,40,2.76,3.22,5.98,-7.4,12.3,4.9,-49.77,49.9,0.13,227.36,4.2,40.2,44.4
-0.03,1.35,1.32,0,0,0,0.38,0.72,1.1,1,0,1,7.83,13.57,21.4,0.545333333333,-1.16966666667,0,-1.095,-0.094,1.66466666667,-3.584,0.122666666667,-0.578,0.371333333333,0.222,-0.0793333333333,0.233666666667,-3.406,0.0893333333333,0.0216666666667,-0.391666666667,-0.0456666666667,0.0273333333333,0.288,0.016,0.216,0.592666666667,0.069,0.126666666667,0.580333333333,2.916,1,-1,0,-0.18,0.86,0.68,1.8,-0.74,1.06,1.6182944,-37.014324,63.818005,35.056297,0,6.12e-14,0,-74.267647,0.003915464,1.5,0.67,2.17,0.52356023,7.76e-06,31.217215,6.9405804,1.9887931,0.51269531,0.39550781,0.00530235,0.036475338,-5.59e-16,7.0,7.99e-16,13.38103,0.91764182,-0.13,0.5,0.37,0.64072,46.702,0.27,0.18,0.45,0.175917,2.34,-2.47,-0.13,-16,147,131,-62,102,40,2.76,3.22,5.98,-7.4,12.3,4.9,-49.77,49.9,0.13,265.478,4.2,40.2,44.4
-0.46,1.35,0.89,0,0,0,1.14,0.72,1.86,1,0,1,8.0,13.57,21.57,0.234666666667,-0.466666666667,0,-1.327,-0.172,0.931333333333,-3.63833333333,0.495666666667,-0.138333333333,0.659333333333,0.0996666666667,-0.324333333333,0.323666666667,-5.286,-0.0633333333333,-0.0326666666667,0.002,-0.0113333333333,0.043,0.477666666667,0.0483333333333,0.394,0.52,-0.0346666666667,0.918,0.746333333333,4.669,1,-1,0,-0.22,0.86,0.64,1.82,-0.74,1.08,1.618751,-28.623844,44.100239,19.209517,0,1.53e-14,0,-66.323257,0.000465813,1.2,0.67,1.87,0.52356023,1.95e-06,34.228794,6.9496908,1.9889389,0.51269531,0.39550781,-0.000237001,0.009149533,-4.21e-16,-7.875,2.79e-15,13.398661,0.88032502,-0.11,0.5,0.39,0.64072,46.702,0.36,0.18,0.54,0.175917,1.86,-2.47,-0.61,-30,147,117,-28,102,74,2.74,3.22,5.96,-6.4,12.3,5.9,-49.77,49.9,0.13,265.478,-6.1,40.2,34.1
-0.06,1.01,0.95,0,1,1,0.07,1.43,1.5,0,0,0,-1.77,19.8,18.03,-0.00700000000001,1.10433333333,0,0.100333333333,-0.175,-0.00999999999999,-0.0396666666666,0.289333333333,-0.0276666666667,-0.309,-0.0666666666667,0.051,-0.00666666666666,1.51733333333,0.0,0.0,0.004,0.0363333333333,0.0143333333333,0.170333333333,-0.0306666666667,-0.314666666667,-0.357333333333,-0.00766666666667,0.0403333333333,-0.00866666666667,0.24,0,0,0,0.02,0.76,0.78,-0.93,1.19,0.26,0.000197061,103.39537,-54.218063,50.552071,1490,5.68e-14,0,-2.5280638,-0.000877904,-0.2,2.87,2.67,0.0,7.21e-06,-49.526398,0.002544669,0.000984581,0.0,0.0,0.002463262,0.033883084,-1.88e-16,9.25,1.84e-16,0.004921458,-0.005384786,0.11,0.31,0.42,0.916896,215.935,-0.35,0.5,0.15,0.551148,-0.83,-0.04,-0.87,16,165,181,0,41,41,0.18,5.48,5.66,1.0,5.2,6.2,1.26,0.35,1.61,391.791,3.0,56.1,59.1
-0.06,1.01,0.95,0,1,1,0.07,1.43,1.5,0,0,0,-1.77,19.8,18.03,-0.549666666667,-0.142333333333,0,0.266333333333,-0.11,0.636666666667,-1.55233333333,-0.337,0.223666666667,0.934666666667,-0.334333333333,-0.450333333333,-0.067,0.431,0.333666666667,0.008,-0.280666666667,0.018,0.0246666666667,0.526666666667,-0.008,0.0506666666667,-0.0966666666667,0.0366666666667,0.0333333333333,-0.120666666667,0.24,0,0,0,0.02,0.76,0.78,-0.93,1.19,0.26,-0.65638351,10.81939,-51.725052,-28.812273,1490,-1.99e-14,0,2.0682619,-0.001510689,-0.2,2.87,2.67,0.0,-2.53e-06,26.116295,-2.818985,-0.80645883,-0.49804688,0.0,-0.002253556,-0.01187944,2.95e-16,0.25,8.31e-16,-5.4348722,0.4959296,0.11,0.31,0.42,0.91783,217.192,-0.35,0.5,0.15,0.543602,-0.83,-0.04,-0.87,16,165,181,0,41,41,0.18,5.48,5.66,1.0,5.2,6.2,1.26,0.35,1.61,399.542,3.0,56.1,59.1
0.05,1.01,1.06,0,1,1,-0.13,1.43,1.3,0,0,0,1.87,19.8,21.67,3.866,3.68333333333,0,-4.40533333333,1.344,-1.01933333333,1.32833333333,0.0436666666667,-1.15866666667,-1.90966666667,0.384666666667,1.04733333333,2.295,2.43233333333,-0.093,0.143666666667,0.467,0.0,-0.00833333333334,-0.0676666666667,-0.039,-0.498333333333,-1.30133333333,-0.087,0.135666666667,0.132333333333,0.651,0,0,0,0.03,0.76,0.79,-0.38,1.19,0.81,0.000951611,6.0139151,34.909855,39.573521,5500,6.12e-14,0,1.2881482,-0.00256094,0.9,2.87,3.77,0.0,7.78e-06,41.449303,0.005364144,0.000994968,0.0,0.0,0.006797281,0.036492161,4.11e-17,30.0,-4.72e-16,0.01035346,0.00047087,0.0,0.31,0.31,0.875287,237.167,-0.23,0.5,0.27,0.59005,0.46,-0.04,0.42,39,165,204,-23,41,18,0.41,5.48,5.89,0.2,5.2,5.4,1.75,0.35,2.1,401.944,18.7,56.1,74.8
0.74,0.47,1.21,0,0,0,0.34,0.65,0.99,0,0,0,12.85,3.4,16.25,-0.362666666667,-3.64633333333,0,-7.63533333333,0.166333333333,3.65033333333,0.051,-0.23,-1.031,-0.278666666667,0.385666666667,0.4,0.170333333333,3.497,0.0,0.0,-0.583333333333,-0.0933333333333,-0.0286666666667,1.06766666667,0.0313333333333,0.255666666667,-1.634,0.003,-0.651666666667,-0.569666666667,-0.227,0,0,0,-0.79,1.62,0.83,0.16,0.48,0.64,0.000203573,-18.910677,52.375706,31.358076,0,5.08e-14,0,0.16121395,-0.006176633,1.57,0.1,1.67,0.0,6.45e-06,45.112106,0.002392392,0.000152607,0.0,0.0,0.013808862,0.030307516,4.97e-16,74.0,-4.28e-17,0.004626242,-0.001026664,-0.24,0.54,0.3,0.79424,39.106,0.04,0.36,0.4,0.220647,2.43,-1.83,0.6,74,75,149,45,49,94,-0.23,5.97,5.74,-3.3,9.0,5.7,1.43,0.0,1.43,177.233,41.5,3.5,45.0
0.85,0.47,1.32,0,0,0,0.45,0.65,1.1,1,0,1,18.0,3.4,21.4,0.00100000000003,-3.171,0,-2.276,0.039,0.185,-0.013,0.147,-0.553,0.455,0.25,0.166,0.184,0.265,0.001,0.004,-0.000999999999998,-0.014,-0.002,-0.021,0.005,0.013,-0.224,0.149,-0.655,-0.62,-0.656,0,0,0,-0.94,1.62,0.68,0.58,0.48,1.06,4.56e-05,-16.314402,33.652206,13.4364,0,5.29e-14,0,7.2939224,-0.009941323,2.07,0.1,2.17,0.0,6.72e-06,59.304092,0.001772778,5.41e-06,0.0,0.0,0.025211189,0.031535245,2.84e-16,71.625,7.07e-19,0.003432197,0.007309301,-0.17,0.54,0.37,0.598031,23.632,0.09,0.36,0.45,0.14982,1.7,-1.83,-0.13,56,75,131,-9,49,40,0.01,5.97,5.98,-4.1,9.0,4.9,0.13,0.0,0.13,157.736,40.9,3.5,44.4
-0.03,0.92,0.89,-1,1,0,0.87,0.99,1.86,1,0,1,7.88,13.69,21.57,1.30833333333,0.786333333333,0,1.84366666667,0.285333333333,0.693666666667,-1.285,-0.861666666667,0.499333333333,0.0246666666667,0.219,-0.881666666667,1.63533333333,-6.017,0.00033333333333,0.186666666667,-0.109333333333,0.0,0.00266666666666,-0.629666666667,-0.0346666666667,-0.284,1.461,0.127,0.0286666666667,0.185666666667,2.389,-1,1,0,-0.43,1.07,0.64,1.48,-0.4,1.08,-0.1041499,-29.81908,57.690731,-28.151272,0,-2.55e-14,0,1.9405955,0.000376983,1.0,0.87,1.87,0.0,-3.23e-06,90.338036,-0.44873735,-0.12776008,-0.3515625,-0.234375,-0.002498917,-0.01517748,-2.48e-16,-20.625,1.06e-15,-0.86515796,0.078530557,0.07,0.32,0.39,0.701663,99.031,0.37,0.17,0.54,0.34069,1.09,-1.7,-0.61,-38,155,117,8,66,74,-1.51,7.47,5.96,-4.5,10.4,5.9,-51.47,51.6,0.13,290.678,-11.0,45.1,34.1
-0.03,1.04,1.01,1,0,1,-0.28,1.71,1.43,-1,1,0,-1.6,21.4,19.8,3.92966666667,9.831,0,-0.954333333334,-0.605,-0.209333333333,2.559,1.933,-0.41466666666700003,-0.253333333333,0.476666666667,0.38,2.50266666667,-0.387666666667,0.445333333333,0.157666666667,-0.185333333333,0.0436666666667,-0.00133333333334,-1.72,0.064,0.364666666667,0.748,-0.063,0.386,0.326,0.308,0,0,0,0.17,0.59,0.76,-0.19,1.38,1.19,-0.022081796,4.6070104,-27.446543,-15.214782,0,3.54e-14,0,2.3666015,0.000268255,-0.28,3.15,2.87,0.0,4.49e-06,-12.75907,-0.093582563,-0.027470646,-0.014648438,0.0,0.016964898,0.021080675,1.51e-16,25.5,-1.43e-16,-0.18041144,0.011236811,-0.15,0.46,0.31,0.996754,204.532,-0.1,0.6,0.5,0.587353,-0.01,-0.03,-0.04,34,131,165,-55,96,41,-0.46,5.94,5.48,0.0,5.2,5.2,0.22,0.13,0.35,348.227,11.7,44.4,56.1
0.25,1.04,1.29,0,0,0,-0.95,1.71,0.76,-1,1,0,-6.95,21.4,14.45,0.467666666667,2.66833333333,0,-2.94033333333,-0.353,-0.881333333333,2.78333333333,-1.50333333333,0.377333333333,-0.542,-0.67,0.162666666667,-2.75,8.72366666667,-0.138333333333,0.0,0.0916666666667,-0.685333333333,-0.000333333333344,2.05166666667,-0.00833333333333,-0.0783333333333,-2.77033333333,1.48733333333,0.594333333333,0.173,-0.921,0,0,0,0.3,0.59,0.89,-2.23,1.38,-0.85,0.13863096,9.9323645,-10.231121,25.890991,0,2.68e-14,0,6.9114375,0.001874221,-3.15,3.15,0.0,0.0,3.41e-06,-119.41603,0.5961194,0.17030165,0.17578125,0.0,0.00302609,0.016003009,-5.88e-18,4.375,-2.5e-16,1.1492972,-0.10966506,0.03,0.46,0.49,0.924199,205.094,-0.53,0.6,0.07,0.581868,-2.02,-0.03,-2.05,15,131,146,-3,96,93,-0.29,5.94,5.65,5.3,5.2,10.5,3.4,0.13,3.53,352.475,-1.7,44.4,42.7
-0.09,1.04,0.95,1,0,1,-0.21,1.71,1.5,-1,1,0,-3.37,21.4,18.03,-0.924333333333,-11.35,0,-4.58066666667,-0.09,0.327333333333,0.901,-3.93033333333,-0.187666666667,0.0323333333333,-0.307666666667,0.295,-0.873666666667,6.92766666667,0.0,0.0,-1.26833333333,0.307333333333,0.0493333333333,4.53233333333,0.122,0.974666666667,-3.12766666667,-0.103333333333,0.557333333333,-11.5306666667,0.547,0,0,0,0.19,0.59,0.78,-1.12,1.38,0.26,0.089438863,19.288952,-39.79129,0.85535777,1490,1.52e-14,0,3.6231325,0.002978909,-0.48,3.15,2.67,0.0,1.93e-06,-106.79227,0.38469544,0.10980451,0.13183594,0.0,-0.003428913,0.009045465,4.59e-16,35.5,-1.72e-16,0.74168026,-0.066069171,-0.04,0.46,0.42,0.516898,70.616,-0.45,0.6,0.15,0.339115,-0.84,-0.03,-0.87,50,131,181,-55,96,41,-0.28,5.94,5.66,1.0,5.2,6.2,1.48,0.13,1.61,208.236,14.7,44.4,59.1
-0.3,1.04,0.74,0,0,0,-0.4,1.71,1.31,-1,1,0,-7.94,21.4,13.46,-0.324,4.08133333333,0,1.27733333333,-0.295666666667,-0.485666666667,1.37666666667,-0.384333333333,0.731666666667,-0.235,-0.352,-0.377,-1.83266666667,1.039,0.0643333333333,-0.0113333333333,-0.304333333333,0.0683333333333,-0.019,-0.440666666667,-0.026,-0.129333333333,0.781,-0.228,0.826,0.476,2.887,0,0,0,0.46,0.59,1.05,-1.09,1.38,0.29,-0.003404957,11.446319,-1.1946125,7.667953,0,-5.93e-14,0,-2.1007514,-0.004306482,-1.63,3.15,1.52,0.0,-7.51e-06,17.434101,-0.016594909,-0.004004096,0.0,-0.13183594,-0.015440714,-0.035336468,2.7e-16,-30.625,-2.27e-16,-0.032012139,0.010553789,-0.11,0.46,0.35,0.844152,186.526,-0.1,0.6,0.5,0.578363,-0.26,-0.03,-0.29,-10,131,121,-76,96,20,-0.87,5.94,5.07,0.3,5.2,5.5,1.35,0.13,1.48,322.507,-19.4,44.4,25.0
-0.07,1.11,1.04,0,0,0,0.88,0.83,1.71,1,0,1,5.69,15.71,21.4,-0.442,-0.611,0,3.316,-1.028,-1.326,-1.161,6.229,-0.13,0.014,0.403,-0.264,0.106,-10.92,1.911,0.0,0.052,0.034,0.00599999999999,-3.194,-0.01,-0.08,2.839,0.024,0.25,0.516,2.244,-1,1,0,-0.41,1.0,0.59,2.88,-1.5,1.38,-0.88882065,6.0604677,26.404634,35.206741,0,5.2e-14,0,-7.4070659,-0.000585897,1.51,1.64,3.15,0.0,6.6e-06,50.41103,-3.8104343,-1.0929896,-0.82910156,-0.38671875,0.011698234,0.03100626,-5.12e-16,-9.625,4.54e-15,-7.3462787,0.64855164,-0.01,0.47,0.46,0.741455,112.253,0.57,0.03,0.6,0.363208,2.79,-2.82,-0.03,-15,146,131,40,56,96,-3.65,9.59,5.94,-6.1,11.3,5.2,-49.37,49.5,0.13,309.06,-17.1,61.5,44.4
-0.34,1.11,0.77,0,0,0,-0.2,0.83,0.63,0,0,0,-2.89,15.71,12.82,-0.053,-0.501333333333,0,0.356666666667,0.066,-1.75866666667,2.0,-0.274333333333,0.199333333333,-0.277,-0.011,0.021,0.0363333333333,-0.245,0.00433333333333,0.0,0.00266666666667,0.0146666666667,0.000666666666675,-0.13,-0.0163333333333,-0.09,-0.279,-0.108666666667,-0.378333333333,-0.154,0.574,-1,1,0,0.39,1.0,1.39,0.72,-1.5,-0.78,-0.9748317,68.667778,-82.752792,-6.9781384,0,-4.56e-15,0,-10.445121,-0.001364669,-1.55,1.64,0.09,0.0,-5.78e-07,0.56566572,-4.1862383,-1.1985499,-0.88574219,-0.38671875,-0.001729817,-0.002715993,-1.38e-16,-33.25,5.64e-16,-8.0708704,0.72726291,-0.01,0.47,0.46,0.446858,34.323,0.09,0.03,0.12,0.1628,0.41,-2.82,-2.41,-14,146,132,78,56,134,-4.18,9.59,5.41,0.3,11.3,11.6,-46.12,49.5,3.38,210.829,-28.8,61.5,32.7
-0.07,1.11,1.04,0,0,0,0.88,0.83,1.71,1,0,1,5.69,15.71,21.4,1.30233333333,-3.64366666667,0,-3.48933333333,1.067,-2.80166666667,-1.51533333333,6.15433333333,0.119666666667,-0.162,0.597,-0.436,2.458,-11.9516666667,1.49766666667,-0.126666666667,-0.112666666667,0.0,0.661,-0.849,0.0576666666667,0.485666666667,1.44033333333,-0.302,-0.393333333333,0.412666666667,2.244,-1,1,0,-0.41,1.0,0.59,2.88,-1.5,1.38,-0.99219984,-24.837563,47.278534,26.410192,0,1.52e-15,0,-61.089687,-0.001771879,1.51,1.64,3.15,0.0,1.93e-07,24.08975,-4.2566519,-1.2194855,-0.88769531,-0.38671875,-0.001818716,0.000906199,-1.88e-16,-9.625,8e-16,-8.2065859,0.74439877,-0.01,0.47,0.46,0.824975,138.136,0.57,0.03,0.6,0.400542,2.79,-2.82,-0.03,-15,146,131,40,56,96,-3.65,9.59,5.94,-6.1,11.3,5.2,-49.37,49.5,0.13,344.873,-17.1,61.5,44.4
-0.22,1.11,0.89,0,0,0,1.03,0.83,1.86,1,0,1,5.86,15.71,21.57,0.438333333333,-3.10366666667,0,1.36333333333,0.232666666667,-2.85766666667,-0.612333333333,4.86466666667,0.460333333333,-0.242,0.211,-0.638,1.20566666667,-12.223,1.035,-0.118666666667,-0.580666666667,0.0,1.31033333333,-1.82033333333,0.021,0.158666666667,2.324,-0.28,-0.797666666667,-0.003,3.445,-1,1,0,-0.36,1.0,0.64,2.58,-1.5,1.08,-0.96702135,-20.443121,44.804028,24.064713,0,2.5e-15,0,-61.574558,-0.003159531,0.23,1.64,1.87,0.0,3.17e-07,22.962721,-4.1484962,-1.1885483,-0.875,-0.38671875,-0.000667526,0.001490657,-3.5e-16,-30.5,1.37e-15,-7.9980669,0.72804177,-0.08,0.47,0.39,0.824975,138.136,0.51,0.03,0.54,0.400542,2.21,-2.82,-0.61,-29,146,117,18,56,74,-3.63,9.59,5.96,-5.4,11.3,5.9,-49.37,49.5,0.13,344.873,-27.4,61.5,34.1
-0.34,1.11,0.77,0,0,0,-0.2,0.83,0.63,0,0,0,-2.89,15.71,12.82,-0.331333333333,-1.77466666667,0,1.744,-0.0113333333333,-1.61433333333,0.536666666667,1.01133333333,0.193,0.573333333333,-0.239,-0.0373333333333,-0.527666666667,-1.62833333333,-0.002,0.0,-0.0803333333333,-0.451333333333,0.00333333333334,-0.564,-0.0306666666667,-0.226,0.307666666667,0.214,-0.818333333333,-0.371666666667,0.574,-1,1,0,0.39,1.0,1.39,0.72,-1.5,-0.78,-0.98160899,88.011635,-87.174362,5.064641,0,-2.61e-14,0,-18.957718,-0.001757115,-1.55,1.64,0.09,0.0,-3.31e-06,-7.3162527,-4.2213655,-1.2062266,-0.8984375,-0.38671875,-0.02954036,-0.015547238,5.54e-20,-38.625,5.06e-16,-8.138649,0.81474137,-0.01,0.47,0.46,0.419779,28.978,0.09,0.03,0.12,0.168158,0.41,-2.82,-2.41,-14,146,132,78,56,134,-4.18,9.59,5.41,0.3,11.3,11.6,-46.12,49.5,3.38,172.326,-28.8,61.5,32.7
-0.07,1.11,1.04,0,0,0,0.88,0.83,1.71,1,0,1,5.69,15.71,21.4,0.290333333333,-3.41866666667,0,-1.24,0.186333333333,-2.20033333333,-0.0576666666667,0.798666666667,0.243333333333,-0.0646666666667,0.406333333333,-0.587,0.696,-4.20766666667,0.229,0.0,-0.214,-0.0763333333334,0.001,0.1,-0.019,-0.153333333333,0.108,0.128666666667,-0.417666666667,0.387666666667,2.244,-1,1,0,-0.41,1.0,0.59,2.88,-1.5,1.38,-0.96571416,-15.171978,3.1380887,-24.354244,0,-3.55e-15,0,-8.3895903,-0.000596017,1.51,1.64,3.15,0.0,-4.51e-07,116.72199,-4.1464658,-1.1863587,-0.8828125,-0.38671875,0.001097571,-0.002117937,-1.55e-16,-10.0,5.48e-16,-7.9941845,0.72941357,-0.01,0.47,0.46,0.662559,102.688,0.57,0.03,0.6,0.385153,2.79,-2.82,-0.03,-15,146,131,40,56,96,-3.65,9.59,5.94,-6.1,11.3,5.2,-49.37,49.5,0.13,266.616,-17.1,61.5,44.4
-0.34,1.11,0.77,0,0,0,-0.2,0.83,0.63,0,0,0,-2.89,15.71,12.82,-1.28133333333,0.394333333333,0,0.905,-0.0303333333333,-1.48866666667,1.809,4.46,0.219,-0.414,-0.126666666667,0.018,-1.247,-1.75066666667,0.0,0.0,0.008,0.762,1.22166666667,-1.24033333333,0.001,0.00233333333333,0.443666666667,-0.360666666667,-0.878333333333,-1.209,0.574,-1,1,0,0.39,1.0,1.39,0.72,-1.5,-0.78,-0.96830195,55.923275,-85.036697,-21.391129,0,-2.71e-14,0,40.712582,0.007846653,-1.55,1.64,0.09,0.0,-3.44e-06,6.1594687,-4.1593056,-1.1890311,-0.87304688,-0.38671875,-0.013821434,-0.016153684,6.39e-18,-37.25,1.32e-15,-8.0189552,0.70793331,-0.01,0.47,0.46,0.684173,66.465,0.09,0.03,0.12,0.239596,0.41,-2.82,-2.41,-14,146,132,78,56,134,-4.18,9.59,5.41,0.3,11.3,11.6,-46.12,49.5,3.38,277.404,-28.8,61.5,32.7
-0.07,1.11,1.04,0,0,0,0.88,0.83,1.71,1,0,1,5.69,15.71,21.4,0.156,-1.318,0,-0.874333333333,0.173,-2.52066666667,0.249,4.65366666667,-0.157333333333,0.376666666667,0.487666666667,-0.0713333333333,1.10833333333,-6.84833333333,-0.485,0.0,0.083,0.0436666666667,-0.062,-0.117666666667,0.01,0.0246666666667,0.536333333333,-0.215666666667,-0.563666666667,0.452,2.244,-1,1,0,-0.41,1.0,0.59,2.88,-1.5,1.38,-0.95129097,32.883415,-44.278271,-23.027458,0,-2.84e-15,0,20.778826,-0.001397679,1.51,1.64,3.15,0.0,-3.59e-07,57.259113,-4.088027,-1.168902,-0.87109375,-0.38671875,0.002679909,-0.001690133,-1.6e-16,-10.625,1.93e-15,-7.8815498,0.74061447,-0.01,0.47,0.46,0.815934,130.259,0.57,0.03,0.6,0.398499,2.79,-2.82,-0.03,-15,146,131,40,56,96,-3.65,9.59,5.94,-6.1,11.3,5.2,-49.37,49.5,0.13,326.874,-17.1,61.5,44.4
-0.34,1.11,0.77,0,0,0,-0.2,0.83,0.63,0,0,0,-2.89,15.71,12.82,0.057,0.774,0,0.354,-0.0373333333333,-1.714,1.38233333333,-0.0740000000001,0.212333333333,-0.268,0.00133333333333,0.019,-0.04,-0.384,-0.00266666666666,0.0,-0.01,0.0323333333333,0.00333333333333,0.120666666667,0.0,-0.004,-0.329666666667,-0.00466666666665,0.354666666667,0.531,0.574,-1,1,0,0.39,1.0,1.39,0.72,-1.5,-0.78,-0.97379732,8.3500938,-51.072945,-37.052956,0,-4.05e-14,0,42.918797,0.000769738,-1.55,1.64,0.09,0.0,-5.13e-06,3.0951486,-4.1897278,-1.1968112,-0.88574219,-0.38671875,-0.002894589,-0.024141315,9.3e-17,-41.25,1.03e-15,-8.0776701,0.76103389,-0.01,0.47,0.46,0.456758,55.986,0.09,0.03,0.12,0.269145,0.41,-2.82,-2.41,-14,146,132,78,56,134,-4.18,9.59,5.41,0.3,11.3,11.6,-46.12,49.5,3.38,208.014,-28.8,61.5,32.7
-0.34,1.11,0.77,0,0,0,-0.2,0.83,0.63,0,0,0,-2.89,15.71,12.82,0.036,-0.788,0,1.189,-0.052,-1.671,1.314,-0.95,0.037,-0.845,-0.012,0.276,-0.444,0.00999999999999,0.008,0.0,-1.48,0.092,-0.009,0.509,0.056,0.288,-0.501,0.069,0.275,0.444,0.574,-1,1,0,0.39,1.0,1.39,0.72,-1.5,-0.78,-0.95417833,33.504494,-60.084549,-27.778774,0,-1.23e-13,0,39.384064,-0.002750146,-1.55,1.64,0.09,0.0,-1.56e-05,-3.53321,-4.1108928,-1.1711044,-0.87109375,-0.38671875,-0.041524712,-0.073467687,6.25e-16,-37.0,1.58e-15,-7.9257288,0.80605537,-0.01,0.47,0.46,0.491869,37.98,0.09,0.03,0.12,0.170313,0.41,-2.82,-2.41,-14,146,132,78,56,134,-4.18,9.59,5.41,0.3,11.3,11.6,-46.12,49.5,3.38,223.001,-28.8,61.5,32.7
-0.22,1.11,0.89,0,0,0,-0.28,0.83,0.55,0,0,0,-4.03,15.71,11.68,-0.376,5.74466666667,0,4.076,-0.370666666667,-1.797,2.73533333333,4.92966666667,0.046,-0.251333333333,-0.023,0.582666666667,-0.471,-3.17533333333,1.074,0.00900000000001,0.00133333333333,0.131333333333,-0.0176666666667,-1.65633333333,-0.00433333333333,-0.0386666666667,1.029,-0.00066666666666,0.103333333333,0.072,-0.861,-2,1,-1,0.33,1.0,1.33,0.6,-1.5,-0.9,-1.8096277,32.29567,-43.53006,-5.2490573,0,-5.73e-15,0,119.77018,-0.009193979,-0.98,1.64,0.66,0.0,-7.26e-07,0.25665072,-7.7714696,-2.2232153,-1.609375,-0.85644531,-0.009538212,-0.003413852,-1.31e-16,-42.375,2.46e-15,-14.98303,1.3665287,0.04,0.47,0.51,0.655712,90.309,0.12,0.03,0.15,0.314429,0.22,-2.82,-2.6,-13,146,133,50,56,106,-6.82,9.59,2.77,1.7,11.3,13.0,0.2,49.5,49.7,287.216,-31.5,61.5,30.0
0.1,1.11,1.21,0,0,0,0.16,0.83,0.99,0,0,0,0.54,15.71,16.25,-0.319333333333,0.931666666667,0,0.617666666667,-0.297666666667,-0.873333333333,0.441333333333,4.439,-0.356666666667,-0.0706666666667,0.115,-0.104666666667,-0.408333333333,-4.91866666667,1.13,0.0296666666667,-0.382,0.127,-0.0246666666667,-1.98966666667,-0.0356666666667,-0.207666666667,1.75133333333,-0.0953333333333,0.0743333333333,0.171333333333,2.12,-1,1,0,-0.17,1.0,0.83,2.14,-1.5,0.64,-0.97348905,-30.331573,38.417171,10.366467,0,-7.76e-15,0,50.100155,-0.004937072,0.03,1.64,1.67,0.0,-9.84e-07,4.6194,-4.1810298,-1.1960166,-0.86035156,-0.38671875,-0.006394344,-0.004625024,7.22e-17,-9.5,1.41e-15,-8.060833,0.73421073,-0.17,0.47,0.3,0.655712,90.309,0.37,0.03,0.4,0.314429,3.42,-2.82,0.6,3,146,149,38,56,94,-3.85,9.59,5.74,-5.6,11.3,5.7,-48.07,49.5,1.43,287.216,-16.5,61.5,45.0
-0.34,1.11,0.77,0,0,0,-0.2,0.83,0.63,0,0,0,-2.89,15.71,12.82,0.877666666667,2.28033333333,0,1.79266666667,-1.49166666667,-2.107,2.00566666667,-0.447666666667,0.0183333333333,0.0956666666667,-0.0956666666667,0.591666666667,1.31,-2.05333333333,0.00533333333333,-0.00433333333334,0.00133333333333,0.283333333333,0.048,-0.580666666667,0.0396666666667,0.241,0.523,0.0393333333333,0.207,0.405333333333,0.574,-1,1,0,0.39,1.0,1.39,0.72,-1.5,-0.78,-0.96735001,29.237787,-45.374542,-9.1656084,0,-1.07e-14,0,78.715828,-0.010320792,-1.55,1.64,0.09,0.0,-1.36e-06,-2.2319715,-4.1547952,-1.1882653,-0.86035156,-0.38671875,-0.012756363,-0.006391232,-9.88e-17,-35.25,1.21e-15,-8.0102549,0.7434656,-0.01,0.47,0.46,0.600514,60.206,0.09,0.03,0.12,0.232593,0.41,-2.82,-2.41,-14,146,132,78,56,134,-4.18,9.59,5.41,0.3,11.3,11.6,-46.12,49.5,3.38,258.847,-28.8,61.5,32.7
-0.43,1.32,0.89,0,0,0,0.76,1.1,1.86,0,1,1,0.17,21.4,21.57,-0.402333333333,1.883,0,3.54333333333,-0.164666666667,-0.276333333333,0.039,-0.391333333333,0.182666666667,-0.408666666667,-0.085,-0.0473333333333,-0.512,-2.55033333333,0.00433333333334,0.0,0.0356666666667,0.055,-0.001,0.0993333333333,-0.003,1.7763568394e-15,0.821333333333,-0.036,-0.0306666666667,0.257666666667,1.754,0,0,0,-0.04,0.68,0.64,0.02,1.06,1.08,0.000229782,-13.022189,-18.005884000000002,-32.741016,0,-6.65e-14,0,2.2069237,0.001505669,-0.3,2.17,1.87,0.0,-8.44e-06,-4.7111106,-2.27e-05,0.000119187,0.0,0.0,-0.007226895,-0.039651427,2.71e-16,-31.5,-2.03e-16,-5.3e-05,-0.01204215,0.02,0.37,0.39,0.938929,182.587,0.09,0.45,0.54,0.516901,-0.48,-0.13,-0.61,-14,131,117,34,40,74,-0.02,5.98,5.96,1.0,4.9,5.9,0.0,0.13,0.13,353.234,-10.3,44.4,34.1
-0.03,1.32,1.29,0,0,0,-0.34,1.1,0.76,-1,1,0,-6.95,21.4,14.45,-0.215333333333,5.55433333333,0,0.731666666667,0.252333333333,-1.02733333333,3.33933333333,-0.835666666667,0.193,-0.303666666667,-0.239333333333,0.221666666667,0.044,4.79133333333,-0.361666666667,0.0,-0.602333333333,0.091,-0.0253333333333,0.977,0.00133333333333,0.0123333333333,-1.113,0.0626666666667,0.0923333333333,-0.161,-0.369,0,0,0,0.21,0.68,0.89,-1.91,1.06,-0.85,-0.022510897,37.854088,-49.439198,-8.1801558,0,-1.67e-14,0,8.1188679,-0.001657052,-2.17,2.17,0.0,-0.52356023,-2.11e-06,-39.050827,-0.097091898,-0.027764436,-0.014648438,0.0,-0.002999882,-0.009930559,2.73e-16,-8.125,-2.05e-16,-0.18719245,0.018322749,0.12,0.37,0.49,0.840102,157.549,-0.38,0.45,0.07,0.501996,-1.92,-0.13,-2.05,15,131,146,53,40,93,-0.33,5.98,5.65,5.6,4.9,10.5,3.4,0.13,3.53,313.845,-1.7,44.4,42.7
-0.31,1.32,1.01,1,0,1,0.33,1.1,1.43,-1,1,0,-1.6,21.4,19.8,0.797,3.41366666667,0,-4.312,0.126,-0.311,3.22,0.93,-0.258333333333,-0.343666666667,0.0663333333333,0.197,2.476,-1.032,0.0,0.0,0.742,0.101,-0.000999999999998,0.447,-0.021,-0.176333333333,-0.312,0.0206666666667,0.0776666666667,0.119333333333,0.86,0,0,0,0.08,0.68,0.76,0.13,1.06,1.19,-0.004813178,1.0114748,2.4929802,0.087387674,0,-3.77e-15,0,0.35907763,0.000251948,0.7,2.17,2.87,0.0,-4.79e-07,-13.980253,-0.020772692,-0.005896939,0.0,0.0,-0.003066691,-0.002248773,4.03e-16,21.875,-4.22e-17,-0.040049709,0.004497593,-0.06,0.37,0.31,0.988427,224.22,0.05,0.45,0.5,0.605019,0.09,-0.13,-0.04,34,131,165,1,40,41,-0.5,5.98,5.48,0.3,4.9,5.2,0.22,0.13,0.35,370.6,11.7,44.4,56.1
-0.04,1.21,1.17,0,0,0,-0.08,0.99,0.91,0,0,0,-1.97,16.25,14.28,-0.707,-1.888,0,-0.589,0.654,2.334,-0.016,-0.437,-0.078,0.476,0.24,0.288,-0.307,-0.479,0.0,-0.103,0.0,-0.178,0.0,1.0,0.031,0.261,-0.238,0.00999999999999,-0.575,-1.581,-1.898,1,0,1,0.08,0.83,0.91,-3.17,0.64,-2.53,1.6197497,103.18541,-89.775482,16.371868,0,1.19e-13,0,-82.947197,-0.012306904,-0.82,1.67,0.85,0.52356023,1.51e-05,-134.16528,6.9576306,1.9884188,0.51269531,0.39550781,0.032687161,0.071082003,-4.8e-16,55.125,2.68e-15,13.414001,1.0370709,0.23,0.3,0.53,0.373967,27.362,-0.39,0.4,0.01,0.166585,-3.44,0.6,-2.84,25,149,174,-29,94,65,5.41,5.74,11.15,4.8,5.7,10.5,50.57,1.43,52.0,164.252,32.3,45.0,77.3
-0.01,0.77,0.76,0,0,0,0.6,0.63,1.23,1,0,1,2.95,12.82,15.77,-0.00233333333335,3.538,0,-0.165666666667,-0.00133333333333,0.00733333333334,-2.04533333333,2.09066666667,0.0766666666667,-0.522333333333,0.0626666666667,-0.269,-0.119,-0.192333333333,1.18566666667,0.0,0.0,-0.201,2.25533333333,0.685,-0.0193333333333,-0.0743333333333,-0.000333333333401,0.175,0.194,0.567333333333,-0.15,0,0,0,-0.32,1.39,1.07,0.73,-0.78,-0.05,-1.4e-05,-37.301315,46.817036,18.595095,0,1e-14,0,6.3598914,0.00018335,-0.02,0.09,0.07,0.0,1.27e-06,28.463835,0.000239862,-2.48e-05,0.0,0.0,0.000964101,0.005976406,-2.09e-16,-6.25,4.75e-16,0.000465171,0.000601058,-0.02,0.46,0.44,0.613002,49.515,0.11,0.12,0.23,0.220144,0.84,-2.41,-1.57,-13,132,119,-37,134,97,0.23,5.41,5.64,-3.0,11.6,8.6,-1.72,3.38,1.66,224.921,-4.2,32.7,28.5
0.44,0.77,1.21,0,0,0,0.36,0.63,0.99,0,0,0,3.43,12.82,16.25,-0.0103333333333,-0.389333333333,0,-0.245,0.388333333333,1.015,-2.046,1.68233333333,-0.464,0.355666666667,0.129,-0.0306666666667,-0.382666666667,-4.837,0.874666666667,0.0,1.418,-0.141,-0.0686666666667,-1.51633333333,-0.026,-0.104666666667,2.291,0.191666666667,-0.299666666667,-0.109,1.546,0,0,0,-0.56,1.39,0.83,1.42,-0.78,0.64,0.021814356,-13.5606,-5.0387874,-19.142694,0,-1.66e-14,0,-2.002434,0.000965735,1.58,0.09,1.67,0.0,-2.11e-06,3.7046535,0.091746174,0.026903989,0.029296875,0.0,-0.000739396,-0.009894341,2.97e-16,25.625,7.68e-16,0.17686471,-0.015298638,-0.16,0.46,0.3,0.795749,53.454,0.28,0.12,0.4,0.197133,3.01,-2.41,0.6,17,132,149,-40,134,94,0.33,5.41,5.74,-5.9,11.6,5.7,-1.95,3.38,1.43,271.157,12.3,32.7,45.0
0.44,0.77,1.21,0,0,0,0.36,0.63,0.99,0,0,0,3.43,12.82,16.25,-0.143666666667,-0.436666666667,0,-2.286,-0.295,1.87566666667,-2.21733333333,2.619,-0.0593333333333,-0.573,0.0343333333333,-0.507,0.129,-0.960666666667,0.784666666667,0.0,0.995,-0.00200000000001,-1.272,-0.176333333333,0.018,0.198333333333,0.0966666666667,-0.144,-0.147,0.048,1.546,0,0,0,-0.56,1.39,0.83,1.42,-0.78,0.64,-0.010037798,-25.071962,34.989891,14.787021,0,2.3e-14,0,-25.350647,0.000730319,1.58,0.09,1.67,1.5706806,2.92e-06,-29.589607,-0.040506791,-0.012683326,0.014648438,0.0,0.010104483,0.013725618,4.19e-17,26.875,-1.46e-15,-0.07807155,0.003503324,-0.16,0.46,0.3,0.602147,45.295,0.28,0.12,0.4,0.221668,3.01,-2.41,0.6,17,132,149,-40,134,94,0.33,5.41,5.74,-5.9,11.6,5.7,-1.95,3.38,1.43,204.337,12.3,32.7,45.0
0.52,0.77,1.29,0,0,0,0.13,0.63,0.76,0,0,0,1.63,12.82,14.45,0.227666666667,0.608,0,-1.428,0.092,0.305666666667,0.799666666667,-0.0626666666667,0.144,-0.521333333333,-0.0203333333333,-0.531666666667,0.127333333333,0.781666666667,0.001,0.0,-0.00733333333333,0.0403333333334,0.00133333333333,0.609,0.019,0.116333333333,-0.231333333333,-0.109666666667,-0.259333333333,-0.235,0.749,0,0,0,-0.5,1.39,0.89,-0.07,-0.78,-0.85,-0.013314142,12.738965,-4.4963231,21.313339,0,1.04e-14,0,-25.923981,0.001232202,-0.09,0.09,0.0,1.5706806,1.32e-06,-2.5214796,-0.056044344,-0.016604219,0.014648438,0.0,0.009419164,0.00619407,8.93e-17,16.625,-1.1e-15,-0.10804057,0.007755254,0.03,0.46,0.49,0.602147,45.295,-0.05,0.12,0.07,0.221668,0.36,-2.41,-2.05,14,132,146,-41,134,93,0.24,5.41,5.65,-1.1,11.6,10.5,0.15,3.38,3.53,204.337,10.0,32.7,42.7
0.44,0.77,1.21,0,0,0,0.36,0.63,0.99,0,0,0,3.43,12.82,16.25,-0.268,-1.638,0,-0.556666666667,-0.185,0.573666666667,-2.557,1.511,-0.547666666667,0.535,0.102,-0.235666666667,-1.22,-1.17133333333,-0.328666666667,0.0,0.508333333333,-0.0273333333333,-0.0133333333333,-0.0819999999999,0.0263333333333,0.363,1.029,0.0933333333333,-0.510333333333,-0.222,1.546,0,0,0,-0.56,1.39,0.83,1.42,-0.78,0.64,0.00012682,-35.124905,74.235977,37.66695,0,2.44e-14,0,-9.9291496,-0.000113477,1.58,0.09,1.67,0.0,3.09e-06,17.67004,0.001270797,0.000304251,0.0,0.0,0.001013903,0.014524805,3.33e-17,27.875,1.23e-16,0.002456644,0.003377745,-0.16,0.46,0.3,0.657543,53.173,0.28,0.12,0.4,0.244046,3.01,-2.41,0.6,17,132,149,-40,134,94,0.33,5.41,5.74,-5.9,11.6,5.7,-1.95,3.38,1.43,217.881,12.3,32.7,45.0
0.05,0.77,0.82,0,0,0,0.22,0.63,0.85,0,0,0,-3.35,12.82,9.47,-0.303333333333,1.04666666667,0,2.32366666667,-0.0666666666667,1.17033333333,-2.92733333333,0.973,0.209666666667,-0.276333333333,-0.0533333333333,-0.325,-0.084,-1.94366666667,1.78166666667,0.0,-0.00366666666667,0.00833333333333,0.618333333333,-1.07933333333,-0.00366666666667,-0.0216666666667,0.988,0.00766666666667,-0.024,-0.0786666666667,0.159,0,0,0,-0.15,1.39,1.24,0.6,-0.78,-0.18,8.81e-05,-53.112541,46.926296,-10.04284,0,-1.61e-14,0,14.373823,0.000259615,-0.02,0.09,0.07,0.0,-2.04e-06,-42.567657,-0.000143683,-1.84e-05,0.0,0.0,-0.006952096,-0.009571181,-1.98e-16,-20.25,-7.99e-18,-0.000281767,-0.009707132,0.05,0.46,0.51,0.564752,37.98,0.1,0.12,0.22,0.189853,0.54,-2.41,-1.87,-27,132,105,-14,134,120,0.27,5.41,5.68,-2.4,11.6,9.2,-1.71,3.38,1.67,200.05,-14.4,32.7,18.3
0.44,0.77,1.21,0,0,0,0.36,0.63,0.99,0,0,0,3.43,12.82,16.25,1.11366666667,-5.159,0,-6.18633333333,0.259333333333,1.16933333333,-3.689,-1.438,0.294,1.344,0.0893333333333,-0.883333333333,0.687666666667,-0.934333333333,-1.16033333333,-0.0483333333333,3.71,-0.166,0.013,-0.624333333333,0.00266666666667,0.00566666666667,0.114666666667,-0.178,-0.0943333333333,-0.106333333333,1.546,0,0,0,-0.56,1.39,0.83,1.42,-0.78,0.64,1.07e-05,-80.80574,58.94593,-23.008154,0,-2.37e-14,0,3.0769765,0.001997638,1.58,0.09,1.67,0.0,-3.01e-06,-52.408344,-0.000723611,4.45e-05,0.0,0.0,0.005859396,-0.01413251,3.42e-16,30.375,3.97e-17,-0.001402093,-0.004483701,-0.16,0.46,0.3,0.82808,47.546,0.28,0.12,0.4,0.175069,3.01,-2.41,0.6,17,132,149,-40,134,94,0.33,5.41,5.74,-5.9,11.6,5.7,-1.95,3.38,1.43,271.584,12.3,32.7,45.0
0.34,0.77,1.11,0,0,0,0.2,0.63,0.83,0,0,0,2.89,12.82,15.71,-0.365,1.61366666667,0,-3.11666666667,-0.509666666667,2.36966666667,-1.35566666667,1.47466666667,-0.609666666667,0.445333333333,0.125333333333,0.287666666667,1.25333333333,1.246,0.043,0.006,0.918,0.135666666667,0.043,-0.318333333333,0.071,0.995666666667,0.0953333333332,0.111,-0.463666666667,-0.696666666667,-0.573,1,0,1,-0.39,1.39,1.0,-0.72,-0.78,-1.5,1.5923706,-55.777153,60.948761,-4.2415152,0,-1.24e-14,0,22.544376,-0.005867804,1.55,0.09,1.64,0.0,-1.58e-06,4.4336162,6.8305678,1.9564631,0.49804688,0.39550781,8.25e-05,-0.007418682,2.47e-16,35.375,2.67e-15,13.168943,0.81285566,0.01,0.46,0.47,0.822658,60.769,-0.09,0.12,0.03,0.221883,-0.41,-2.41,-2.82,14,132,146,-78,134,56,4.18,5.41,9.59,-0.3,11.6,11.3,46.12,3.38,49.5,273.879,28.8,32.7,61.5
0.4,0.77,1.17,0,0,0,0.28,0.63,0.91,0,0,0,1.46,12.82,14.28,0.0556666666666,1.21566666667,0,-4.75033333333,-0.778666666667,2.59433333333,-2.03166666667,1.23266666667,-0.762333333333,1.58,-0.0816666666667,0.132333333333,2.526,2.18266666667,-0.251666666667,0.0283333333333,0.0546666666667,0.272333333333,0.0853333333333,0.5,0.0526666666667,0.868333333333,-0.678666666667,0.175,-0.655333333333,-0.784666666667,-0.352,1,0,1,-0.48,1.39,0.91,-1.75,-0.78,-2.53,0.31911349,-5.8435659,27.694611,23.169149,0,1.95e-14,0,31.531363,-0.009269672,0.76,0.09,0.85,0.0,2.47e-06,10.373345,1.3683383,0.39143261,0.20507812,0.39550781,0.010949635,0.011594954,3.43e-16,51.875,-1.78e-16,2.6380732,-0.14500956,0.07,0.46,0.53,0.822658,60.769,-0.11,0.12,0.01,0.221883,-0.43,-2.41,-2.84,42,132,174,-69,134,65,5.74,5.41,11.15,-1.1,11.6,10.5,48.62,3.38,52.0,273.879,44.6,32.7,77.3
0.56,0.5,1.06,1,0,1,0.86,0.44,1.3,0,0,0,4.24,17.43,21.67,5.36,7.24866666667,0,-11.7333333333,0.454666666667,3.81066666667,2.205,-4.00233333333,-1.87466666667,-0.605333333333,0.730666666667,1.27466666667,4.298,3.13466666667,0.669333333333,0.0,-1.271,-0.108333333333,0.0463333333333,2.845,0.000333333333333,0.0143333333333,-4.48666666667,0.22,1.207,0.957,4.103,0,0,0,-0.93,1.72,0.79,0.69,0.12,0.81,0.023738131,-25.851206,22.892323,-3.0335636,5500,4.76e-15,0,10.863976,0.0041479,1.0,2.77,3.77,0.0,6.04e-07,-3.909332,0.10250446,0.029145679,0.014648438,0.0,0.003883652,0.002837505,9.61e-16,81.625,-4.53e-16,0.19762892,0.001062447,-0.2,0.51,0.31,0.942781,157.267,0.09,0.18,0.27,0.560879,1.76,-1.34,0.42,89,115,204,-38,56,18,-0.41,6.3,5.89,-2.6,8.0,5.4,0.52,1.58,2.1,280.394,44.1,30.7,74.8
-0.18,1.29,1.11,0,0,0,0.07,0.76,0.83,0,0,0,1.26,14.45,15.71,-0.231333333333,-1.166,0,-0.310333333333,-0.1,2.08333333333,-3.02433333333,-0.696666666667,-0.148333333333,1.14966666667,-0.036,-0.0976666666667,-0.154,1.21566666667,0.00133333333333,0.0,0.0796666666667,-0.011,-0.00666666666667,0.100333333333,0.0373333333333,0.462,-0.0923333333333,0.014,0.0723333333333,-0.150666666667,-1.322,1,0,1,0.11,0.89,1.0,-0.65,-0.85,-1.5,1.568296,-5.9026084,48.566441,45.173309,0,4.05e-14,0,93.293823,-0.0050402,1.64,0.0,1.64,0.0,5.14e-06,6.852705,6.7180271,1.9267434,0.48339844,0.39550781,0.022595935,0.024122097,-2.47e-16,27.5,2.24e-15,12.951886,0.85357875,-0.02,0.49,0.47,0.653763,40.231,-0.04,0.07,0.03,0.157281,-0.77,-2.05,-2.82,0,146,146,-37,93,56,3.94,5.65,9.59,0.8,10.5,11.3,45.97,3.53,49.5,255.79,18.8,42.7,61.5
-0.12,1.29,1.17,0,0,0,0.15,0.76,0.91,0,0,0,-0.17,14.45,14.28,0.031,-1.12833333333,0,-2.23233333333,0.149333333333,2.583,-3.103,-0.132,-0.248333333333,0.574333333333,-0.0376666666667,0.065,-0.275333333333,3.46,-0.069,-0.0443333333333,-0.00033333333333,-0.00733333333334,0.013,0.143,0.0323333333333,0.346333333333,-1.01166666667,-0.0946666666667,0.026,-0.197333333333,-1.1,1,0,1,0.02,0.89,0.91,-1.68,-0.85,-2.53,1.6179874,-6.3932581,-12.565373,-21.465681,0,4.39e-15,0,-71.772469,0.004051997,0.85,0.0,0.85,0.0,5.57e-07,-6.7585449,6.9433775,1.9883505,0.51269531,0.39550781,-0.003028625,0.002616044,2.95e-16,36.25,7.23e-16,13.386461,0.85218555,0.04,0.49,0.53,0.711151,87.214,-0.06,0.07,0.01,0.328938,-0.79,-2.05,-2.84,28,146,174,-28,93,65,5.5,5.65,11.15,0.0,10.5,10.5,48.47,3.53,52.0,265.138,34.6,42.7,77.3
-0.18,1.29,1.11,0,0,0,0.07,0.76,0.83,0,0,0,1.26,14.45,15.71,-0.231333333333,-0.389666666667,0,1.50633333333,-0.011,1.76533333333,-2.33933333333,0.280333333333,0.307666666667,0.693666666667,-0.129333333333,-0.449666666667,-0.146333333333,-1.084,-0.0473333333333,0.0,-0.0216666666667,0.0,-0.000999999999991,-0.134666666667,0.0356666666667,0.203,0.671,0.301333333333,-0.066,-0.168333333333,-1.322,1,0,1,0.11,0.89,1.0,-0.65,-0.85,-1.5,0.9231503,-34.092354,37.371487,-6.3614144,0,8.67e-16,0,28.095726,-0.002826555,1.64,0.0,1.64,0.0,1.1e-07,6.2844086,3.959487,1.1344583,0.48339844,0.39550781,0.005017843,0.000516705,6.12e-18,19.0,1.17e-15,7.6336598,0.26486823,-0.02,0.49,0.47,0.60855,55.423,-0.04,0.07,0.03,0.224052,-0.77,-2.05,-2.82,0,146,146,-37,93,56,3.94,5.65,9.59,0.8,10.5,11.3,45.97,3.53,49.5,247.367,18.8,42.7,61.5
-0.12,1.29,1.17,0,0,0,0.15,0.76,0.91,0,0,0,-0.17,14.45,14.28,0.165,0.346,0,0.581,0.00533333333333,1.78466666667,-2.34833333333,-0.166333333333,0.119333333333,1.362,-0.11,-0.381666666667,0.113,-0.449666666667,-0.00966666666666,0.0,-0.0236666666667,0.0,0.0363333333333,0.196666666667,0.0406666666667,0.237,0.513,0.372,-0.211666666667,-0.378333333333,-1.1,1,0,1,0.02,0.89,0.91,-1.68,-0.85,-2.53,0.52780145,-2.5456743,-17.018187,-35.613022,0,2.86e-14,0,38.101166,-0.005583471,0.85,0.0,0.85,0.0,3.63e-06,11.74633,2.2630346,0.64829397,0.32226562,0.39550781,0.018463923,0.017032422,1.28e-16,32.375,2.67e-16,4.3629918,-0.033250768,0.04,0.49,0.53,0.60855,55.423,-0.06,0.07,0.01,0.224052,-0.79,-2.05,-2.84,28,146,174,-28,93,65,5.5,5.65,11.15,0.0,10.5,10.5,48.47,3.53,52.0,247.367,34.6,42.7,77.3
-0.12,1.29,1.17,0,0,0,0.15,0.76,0.91,0,0,0,-0.17,14.45,14.28,0.054,3.19033333333,0,-1.261,-0.0293333333333,4.283,-5.181,3.312,-1.21866666667,0.664,0.247,0.796,0.067,2.53133333333,1.952,0.0,0.122,0.132333333333,0.00700000000001,-0.801,-0.0163333333333,-0.296666666667,-0.909666666667,-0.0773333333333,0.0376666666667,-0.122333333333,-1.1,1,0,1,0.02,0.89,0.91,-1.68,-0.85,-2.53,1.6178951,-21.150002,34.794819,18.345667,0,1.11e-14,0,-9.3010378,0.004553593,0.85,0.0,0.85,0.0,1.4e-06,16.125402,6.9413342,1.9874669,0.51269531,0.39550781,0.037917607,0.006596902,2.52e-16,18.625,4.3e-15,13.382506,0.88741374,0.04,0.49,0.53,0.639144,58.237,-0.06,0.07,0.01,0.241629,-0.79,-2.05,-2.84,28,146,174,-28,93,65,5.5,5.65,11.15,0.0,10.5,10.5,48.47,3.53,52.0,241.018,34.6,42.7,77.3
-0.7,1.17,0.47,0,0,0,-0.26,0.91,0.65,0,0,0,-10.88,14.28,3.4,0.221666666667,3.078,0,7.37166666667,0.031,-2.69566666667,0.149,-3.70433333333,0.764,-0.00233333333333,-0.147,-0.443,0.318666666667,-3.55666666667,-1.122,0.0,-0.495666666667,0.0573333333333,0.588333333333,0.663333333333,0.00633333333333,0.151666666667,1.51233333333,-0.0943333333333,0.522333333333,0.857666666667,2.126,-1,1,0,0.71,0.91,1.62,3.01,-2.53,0.48,-0.91037035,-5.4756498,4.8646626,-4.7529364,0,4.85e-15,0,-91.184608,-0.008338851,-0.75,0.85,0.1,0.0,6.15e-07,-21.939886,-3.911833,-1.1179982,-0.6953125,-0.38671875,-0.025911327,0.002890907,-1.15e-15,-98.375,3.71e-15,-7.5418515,0.68094969,0.01,0.53,0.54,0.47789,86.652,0.35,0.01,0.36,0.352714,1.01,-2.84,-1.83,-99,174,75,-16,65,49,-5.18,11.15,5.97,-1.5,10.5,9.0,-52.0,52.0,0.0,245.672,-73.8,77.3,3.5
0.39,0.82,1.21,0,0,0,0.14,0.85,0.99,0,0,0,6.78,9.47,16.25,0.16,0.00299999999999,0,-4.75266666667,0.398666666667,1.86633333333,-0.000333333333344,0.102333333333,-0.120333333333,0.245333333333,0.0556666666667,-0.0546666666667,0.458666666667,1.023,0.0,0.0,0.00066666666666,-0.0236666666667,-0.602333333333,0.418666666667,0.0313333333333,0.228,-0.525333333333,0.0886666666667,-0.234666666667,-0.146333333333,1.388,0,0,0,-0.41,1.24,0.83,0.82,-0.18,0.64,0.012563421,-35.717648,49.968159,15.130671,0,3.83e-14,0,-0.59382951,-0.003601724,1.6,0.07,1.67,0.0,4.85e-06,-30.815866,0.058263008,0.015199135,0.0,0.0,0.011527655,0.022814929,2.44e-16,53.125,2.16e-15,0.11236756,-0.005725217,-0.21,0.51,0.3,0.669393,35.167,0.18,0.22,0.4,0.175356,2.47,-1.87,0.6,44,105,149,-26,120,94,0.06,5.68,5.74,-3.5,9.2,5.7,-0.24,1.67,1.43,200.546,26.7,18.3,45.0
0.19,0.82,1.01,1,0,1,0.58,0.85,1.43,0,0,0,10.33,9.47,19.8,0.691,-5.14466666667,0,-7.31766666667,-0.0196666666667,-0.931333333333,2.76533333333,-0.721333333333,-0.976,0.454333333333,0.156,0.384,0.757666666667,1.44333333333,-0.19,0.0,-1.085,-0.058,-1.009,0.042,-0.0543333333333,-0.0926666666667,-1.69933333333,0.301,-0.299666666667,0.496333333333,1.819,0,0,0,-0.48,1.24,0.76,1.37,-0.18,1.19,-0.12485024,-17.50556,-10.236393,-26.017101,0,1.17e-14,0,2.0948329,-0.000397793,2.8,0.07,2.87,0.0,1.49e-06,-22.69228,-0.53531611,-0.15347765,-0.073242188,0.0,-0.010470147,0.006983893,5.93e-16,66.375,3.13e-16,-1.0320567,0.098021924,-0.2,0.51,0.31,0.986572,81.869,0.28,0.22,0.5,0.289671,1.83,-1.87,-0.04,60,105,165,-79,120,41,-0.2,5.68,5.48,-4.0,9.2,5.2,-1.32,1.67,0.35,282.628,37.8,18.3,56.1
0.07,0.82,0.89,0,0,0,1.01,0.85,1.86,1,0,1,12.1,9.47,21.57,0.59,4.485,0,-6.36633333333,0.671666666667,0.0726666666667,-0.298666666667,0.360666666667,-0.463,-1.59266666667,0.476666666667,0.304333333333,1.591,-3.28366666667,0.239666666667,0.0,-0.423,-0.0526666666667,-0.656666666667,-0.239333333333,0.0156666666667,0.3,-0.955333333333,0.144,0.648666666667,10.6886666667,2.713,0,0,0,-0.6,1.24,0.64,1.26,-0.18,1.08,0.025376491,-2.7219117,-2.7361274,5.1179876,0,-6.17e-16,0,-0.16400608,-0.002931257,1.8,0.07,1.87,0.0,-7.83e-08,-66.294418,0.10885172,0.031144464,0.014648438,0.0,-0.000288774,-0.000367705,1.38e-16,30.625,4.43e-16,0.20985985,-0.017927404,-0.12,0.51,0.39,0.871384,76.524,0.32,0.22,0.54,0.285927,1.26,-1.87,-0.61,12,105,117,-46,120,74,0.28,5.68,5.96,-3.3,9.2,5.9,-1.54,1.67,0.13,267.635,15.8,18.3,34.1
0.35,0.76,1.11,0,0,0,-0.4,1.23,0.83,-1,1,0,-0.06,15.77,15.71,-0.086,2.389,0,0.927,-0.042,1.701,0.142,1.522,-0.272,0.738,-0.038,0.216,-0.104,-1.292,1.023,0.0,-0.011,-0.115,-2.27,-1.33,0.0,-0.007,0.746,0.194,0.552,0.616,-0.423,1,0,1,-0.07,1.07,1.0,-1.45,-0.05,-1.5,1.6300676,-64.175171,56.621632,-18.510326,0,2.23e-14,0,73.515564,-0.005990158,1.57,0.07,1.64,0.0,2.83e-06,55.756844,6.9909134,2.0021882,0.52734375,0.39550781,0.006880015,0.013291495,1.69e-16,42.75,2.14e-15,13.478068,0.89380544,0.03,0.44,0.47,0.600838,25.602,-0.2,0.23,0.03,0.134524,-1.25,-1.57,-2.82,27,119,146,-41,97,56,3.95,5.64,9.59,2.7,8.6,11.3,47.84,1.66,49.5,190.315,33.0,28.5,61.5
0.35,0.76,1.11,0,0,0,-0.4,1.23,0.83,-1,1,0,-0.06,15.77,15.71,-0.319333333333,0.366666666667,0,-2.06533333333,0.474,0.938,-0.00400000000002,5.831,-0.188666666667,-0.317333333333,-0.114333333333,0.075,0.0156666666667,-1.613,1.174,-0.103666666667,-0.0113333333333,-0.145666666667,-2.24066666667,-1.093,0.0176666666667,0.111,0.505333333333,-0.138666666667,0.0143333333333,-0.0123333333333,-0.423,1,0,1,-0.07,1.07,1.0,-1.45,-0.05,-1.5,1.6211731,-5.3784847,10.88414,4.3215637,0,1.15e-14,0,65.654778,0.007082055,1.57,0.07,1.64,0.0,1.46e-06,-19.199495,6.9550867,1.9920046,0.51269531,0.39550781,0.006613671,0.006860944,2.38e-16,48.75,2.64e-15,13.409018,0.81565773,0.03,0.44,0.47,0.749085,90.59,-0.2,0.23,0.03,0.355599,-1.25,-1.57,-2.82,27,119,146,-41,97,56,3.95,5.64,9.59,2.7,8.6,11.3,47.84,1.66,49.5,254.753,33.0,28.5,61.5
0.59,0.76,1.35,0,0,0,-0.51,1.23,0.72,-1,1,0,-2.2,15.77,13.57,-0.955666666667,-3.76933333333,0,-0.757333333333,-0.171666666667,-0.0666666666667,3.54333333333,-3.73666666667,-0.285333333333,-1.89466666667,0.164666666667,1.394,-0.244333333333,5.008,0.377,0.0,-0.650333333333,0.08,-2.33366666667,0.996333333333,-0.0273333333333,0.0986666666667,-1.29466666667,-1.06633333333,-0.178333333333,-0.120666666667,-1.647,-1,0,-1,-0.21,1.07,0.86,-0.69,-0.05,-0.74,-0.96058589,7.853828,-12.59847,-5.6787815,0,3.45e-15,0,20.007872,-0.000232296,0.6,0.07,0.67,0.0,4.38e-07,0.91665709,-4.1224623,-1.180838,-0.84765625,-0.38671875,-0.001635877,0.00205712,2.78e-16,15.625,8.17e-16,-7.9478893,0.69914532,0.06,0.44,0.5,0.691952,43.723,-0.05,0.23,0.18,0.184436,-0.9,-1.57,-2.47,28,119,147,5,97,102,-2.42,5.64,3.22,3.7,8.6,12.3,48.24,1.66,49.9,237.063,11.7,28.5,40.2
0.56,0.76,1.32,0,0,0,-0.13,1.23,1.1,0,1,1,5.63,15.77,21.4,0.752,-3.22933333333,0,-2.39433333333,0.0656666666667,0.736,0.105666666667,0.428333333333,-0.285,0.596666666667,-0.053,0.0376666666667,-0.427666666667,-1.108,0.0193333333333,0.0,-0.266666666667,0.038,-2.38966666667,0.353,0.003,0.0306666666667,-0.121666666667,-0.115,-0.168333333333,-0.332666666667,1.268,0,0,0,-0.39,1.07,0.68,1.11,-0.05,1.06,-0.000143988,-23.943899,28.04793,6.5954056,0,6.11e-15,0,0.30575249,0.000816032,2.1,0.07,2.17,0.0,7.75e-07,6.6577706,-0.000436087,-0.000197295,0.0,0.0,-0.001665035,0.003640292,9.48e-17,24.0,9.5e-17,-0.000839095,0.002171429,-0.07,0.44,0.37,0.863886,88.737,0.22,0.23,0.45,0.335298,1.44,-1.57,-0.13,12,119,131,-57,97,40,0.34,5.64,5.98,-3.7,8.6,4.9,-1.53,1.66,0.13,264.651,15.9,28.5,44.4
0.03,0.89,0.92,1,0,1,-0.87,1.86,0.99,-1,1,0,-7.88,21.57,13.69,0.2,3.085,0,-3.78033333333,-0.128333333333,-0.0616666666667,3.026,-0.236666666667,-0.483333333333,-0.471,-0.0186666666667,0.773666666667,0.494,8.711,0.0293333333333,0.00233333333333,-1.84066666667,0.0,0.0163333333333,1.15033333333,0.0333333333333,0.261666666667,-2.64266666667,0.00533333333333,0.201666666667,0.232,-2.388,1,0,1,0.43,0.64,1.07,-1.48,1.08,-0.4,0.018173348,19.471287,8.2854414,32.941818,0,1.1e-14,0,-0.64882374,-0.00071553,-1.0,1.87,0.87,0.0,1.39e-06,-84.406944,0.078689456,0.022246305,0.029296875,0.16113281,0.003039192,0.006550304,3.52e-16,22.75,2.42e-16,0.15171546,-0.015052448,-0.07,0.39,0.32,0.856692,143.482,-0.37,0.54,0.17,0.499292,-1.09,-0.61,-1.7,38,117,155,-8,74,66,1.51,5.96,7.47,4.5,5.9,10.4,51.47,0.13,51.6,287.371,11.0,34.1,45.1
0.0,0.89,0.89,0,0,0,-1.31,1.86,0.55,-1,1,0,-9.89,21.57,11.68,0.7,14.0506666667,0,5.21733333333,-0.236,-0.371,2.666,-3.72433333333,-0.0846666666667,-0.781,-0.187333333333,0.764333333333,1.05666666667,13.022,-1.04533333333,0.265,-1.12,0.0,0.004,2.32933333333,-0.011,-0.104666666667,-1.92366666667,0.0953333333333,1.25666666667,0.568,-4.305,-1,0,-1,0.69,0.64,1.33,-1.98,1.08,-0.9,-0.80580449,-0.25602934,-13.929353,-11.827555,0,3.49e-15,0,15.000586,0.001566404,-1.21,1.87,0.66,0.0,4.43e-07,-70.181175,-3.4568291,-0.99025196,-0.46875,-0.38671875,0.002430983,0.002082278,1.44e-16,-15.0,2.38e-15,-6.6645708,0.60548252,0.12,0.39,0.51,0.98466,178.086,-0.39,0.54,0.15,0.564362,-1.99,-0.61,-2.6,16,117,133,32,74,106,-3.19,5.96,2.77,7.1,5.9,13.0,49.57,0.13,49.7,315.553,-4.1,34.1,30.0
0.15,0.89,1.04,0,0,0,-0.15,1.86,1.71,0,1,1,-0.17,21.57,21.4,0.108333333333,-2.05033333333,0,-2.946,0.342,0.953,0.128666666667,-2.074,-0.320333333333,0.073,0.308,0.197666666667,2.11866666667,0.0503333333334,0.674333333333,0.291333333333,-0.985666666667,0.0,0.00266666666666,-0.0793333333333,-0.008,-0.059,0.255333333333,0.170333333333,0.0116666666667,-0.063,-1.201,0,0,0,-0.05,0.64,0.59,0.3,1.08,1.38,-0.01423234,30.933546,-66.891571,-36.941986,0,2.15e-15,0,2.655767,-0.002395042,1.28,1.87,3.15,0.0,2.72e-07,4.1192956,-0.060992353,-0.017470436,0.0,0.0,0.003504464,0.001278918,1.42e-16,13.25,-8.71e-17,-0.11758923,0.011636197,0.07,0.39,0.46,0.98466,178.086,0.06,0.54,0.6,0.564362,0.58,-0.61,-0.03,14,117,131,22,74,96,-0.02,5.96,5.94,-0.7,5.9,5.2,0.0,0.13,0.13,315.553,10.3,34.1,44.4
0.15,0.89,1.04,0,0,0,-0.15,1.86,1.71,0,1,1,-0.17,21.57,21.4,0.0146666666666,0.881,0,0.212333333333,0.076,0.575333333333,-0.369666666667,2.066,-0.209666666667,-0.256,0.189666666667,-0.0186666666667,-0.307,-0.440666666667,0.939666666667,0.0,-0.192666666667,0.105,-0.00133333333333,-0.851,0.026,0.0963333333333,0.499333333333,0.0216666666667,-0.113666666667,0.0213333333333,-1.201,0,0,0,-0.05,0.64,0.59,0.3,1.08,1.38,2.81e-05,-1.6348779,22.022758,19.771055,0,6.12e-14,0,0.1882606,0.000484232,1.28,1.87,3.15,0.0,7.77e-06,4.3853869,0.001949973,-1.4e-06,0.0,0.0,0.007778214,0.036496039,-2.37e-16,17.125,2.39e-16,0.003776114,-0.010194108,0.07,0.39,0.46,0.610243,58.237,0.06,0.54,0.6,0.274393,0.58,-0.61,-0.03,14,117,131,22,74,96,-0.02,5.96,5.94,-0.7,5.9,5.2,0.0,0.13,0.13,212.239,10.3,34.1,44.4
-0.18,0.95,0.77,-1,1,0,-0.87,1.5,0.63,0,0,0,-5.21,18.03,12.82,-0.538333333333,5.44,0,7.594,0.101333333333,-0.584,-0.790333333333,0.687,0.616,-0.174,-0.073,0.0203333333333,-1.15133333333,2.08633333333,0.00966666666666,0.0,0.556333333333,-0.151666666667,-0.197333333333,-0.522,-0.00933333333333,-0.0873333333333,0.213333333333,-0.0383333333333,-0.084,0.172666666667,-2.216,0,0,0,0.61,0.78,1.39,-1.04,0.26,-0.78,0.008635854,-13.550886,0.85835272,-5.5993671,-1490,-2.38e-15,0,10.060219,-0.001084448,-2.58,2.67,0.09,1.5706806,-3.02e-07,-4.8402653,0.036787719,0.01037955,0.0,0.0,-0.001909998,-0.001418333,-5.31e-16,-33.125,-2.13e-16,0.070922278,-0.002791282,0.04,0.42,0.46,0.992289,207.345,-0.03,0.15,0.12,0.491177,-1.54,-0.87,-2.41,-49,181,132,93,41,134,-0.25,5.66,5.41,5.4,6.2,11.6,1.77,1.61,3.38,422.139,-26.4,59.1,32.7
-0.18,0.95,0.77,-1,1,0,-0.87,1.5,0.63,0,0,0,-5.21,18.03,12.82,-0.0266666666666,2.88833333333,0,6.733,-0.746333333333,-0.965,-1.03966666667,0.00466666666665,1.23233333333,-0.283333333333,-0.04,-0.392,-2.026,2.88866666667,-0.032,0.0,-0.0406666666667,0.038,-0.0593333333333,-1.006,-0.009,0.142,0.185666666667,-0.134,0.581,0.0986666666667,-2.216,0,0,0,0.61,0.78,1.39,-1.04,0.26,-0.78,0.013706175,3.1212039,48.446476,52.599819,-1490,-1.06e-14,0,0.16365619,0.000495297,-2.58,2.67,0.09,0.0,-1.35e-06,-8.6224031,0.058121994,0.016885858,-0.014648438,0.0,0.000931978,-0.006334514,-4.78e-16,-58.375,-5.7e-16,0.11204976,-0.003223231,0.04,0.42,0.46,0.872587,198.624,-0.03,0.15,0.12,0.500331,-1.54,-0.87,-2.41,-49,181,132,93,41,134,-0.25,5.66,5.41,5.4,6.2,11.6,1.77,1.61,3.38,396.985,-26.4,59.1,32.7
0.11,0.95,1.06,0,1,1,-0.2,1.5,1.3,0,0,0,3.64,18.03,21.67,0.430666666667,-0.221666666667,0,-2.23066666667,0.300666666667,0.198,-0.0673333333333,-0.859,-0.549666666667,-0.120333333333,0.053,0.224333333333,0.378,1.92033333333,-0.0226666666667,0.0,0.103,-0.001,-0.0573333333333,0.508333333333,0.000333333333333,0.047,-0.907333333333,-0.0583333333333,0.0376666666667,0.0393333333333,0.411,0,0,0,0.01,0.78,0.79,0.55,0.26,0.81,0.32413352,-36.90744,-15.51002,-50.302189,4010,-2.09e-14,0,2.7333732,0.000426396,1.1,2.67,3.77,0.0,-2.65e-06,1.6452005,1.3918302,0.3983224,0.10253906,0.0,-0.009008827,-0.012467827,3.91e-16,29.0,-1.06e-15,2.683382,-0.25754687,-0.11,0.42,0.31,0.872587,198.624,0.12,0.15,0.27,0.500331,1.29,-0.87,0.42,23,181,204,-23,41,18,0.23,5.66,5.89,-0.8,6.2,5.4,0.49,1.61,2.1,396.985,15.7,59.1,74.8
-0.45,0.95,0.5,-1,1,0,-1.06,1.5,0.44,0,0,0,-0.6,18.03,17.43,1.96666666667,13.3713333333,0,7.76166666667,-0.779,0.595,-0.697666666667,3.86866666667,0.067,-1.41033333333,0.0633333333333,0.629333333333,0.853,0.157333333333,-0.648333333333,2.12333333333,0.794666666667,0.0,-0.545,-2.04966666667,-0.00633333333333,-0.205666666667,2.64233333333,0.984666666667,-0.0323333333333,0.930333333333,-3.691,0,0,0,0.94,0.78,1.72,-0.14,0.26,0.12,0.15870745,-33.048779,23.496611,-2.7500651,-1490,7.05e-15,0,8.6983681,0.003712631,0.1,2.67,2.77,0.0,8.95e-07,6.3639817,0.68091995,0.19503853,0.10253906,0.0,0.005353611,0.004204929,-7.8e-16,-64.25,-1.77e-16,1.3127759,-0.11848272,0.09,0.42,0.51,0.99427,196.092,0.03,0.15,0.18,0.463707,-0.47,-0.87,-1.34,-66,181,115,15,41,56,0.64,5.66,6.3,1.8,6.2,8.0,-0.03,1.61,1.58,422.879,-28.4,59.1,30.7
